date,symbol,prev_close,close,avg_price,traded_qty,deliverable_qty,delivery_pct
2026-08-03,360ONE,1135.3,1147.8,1149.98,366010,142911.0,39.05
2026-08-03,3MINDIA,34615.0,35955.0,35835.49,6489,2420.0,37.29
2026-08-03,AADHARHFC,496.7,504.15,501.29,656790,299727.0,45.64
2026-08-03,AARTIDRUGS,422.75,407.25,413.75,383239,164934.0,43.04
2026-08-03,AARTIIND,489.1,486.8,488.2,805775,278100.0,34.51
2026-08-03,AARTIPHARM,667.15,675.8,677.97,86652,40412.0,46.64
2026-08-03,AAVAS,1359.8,1439.0,1430.7,142280,62118.0,43.66
2026-08-03,ABB,7284.5,7601.0,7457.09,1207164,511367.0,42.36
2026-08-03,ABBOTINDIA,27800.0,27895.0,27898.32,9455,4618.0,48.84
2026-08-03,ABCAPITAL,404.3,424.35,423.77,14133770,3624486.0,25.64
2026-08-03,ABDL,619.5,619.55,622.57,159051,71687.0,45.07
2026-08-03,ABFRL,60.24,62.41,62.01,10947431,5809152.0,53.06
2026-08-03,ABLBL,94.67,95.91,95.44,1330639,622955.0,46.82
2026-08-03,ABREL,1418.1,1432.1,1430.84,98610,47164.0,47.83
2026-08-03,ABSLAMC,1011.8,1017.8,1019.09,292827,206125.0,70.39
2026-08-03,ACC,1357.4,1398.0,1389.32,427582,163784.0,38.3
2026-08-03,ACE,1070.3,1105.4,1097.16,853582,396984.0,46.51
2026-08-03,ACI,525.65,535.6,535.05,407906,241146.0,59.12
2026-08-03,ACMESOLAR,362.6,371.1,370.64,3058650,1639387.0,53.6
2026-08-03,ACUTAAS,3104.9,3116.4,3104.35,479397,244868.0,51.08
2026-08-03,ADANIENSOL,1645.4,1647.0,1652.72,1135101,378230.0,33.32
2026-04-27,ADANIENT,2287.6,2321.8,2317.68,1500864,487593.0,32.49
2026-04-28,ADANIENT,2321.8,2412.4,2389.35,4375556,1138681.0,26.02
2026-04-29,ADANIENT,2412.4,2425.9,2424.36,4656967,2025182.0,43.49
2026-04-30,ADANIENT,2425.9,2408.4,2384.26,3538354,1031837.0,29.16
2026-05-04,ADANIENT,2408.4,2485.7,2465.73,6039537,1807665.0,29.93
2026-05-05,ADANIENT,2485.7,2462.0,2479.69,1622580,310994.0,19.17
2026-05-06,ADANIENT,2462.0,2540.3,2513.58,3169133,1080378.0,34.09
2026-05-07,ADANIENT,2540.3,2513.7,2526.68,1098088,289626.0,26.38
2026-05-08,ADANIENT,2513.7,2505.9,2521.01,1499613,445832.0,29.73
2026-05-11,ADANIENT,2505.9,2500.2,2488.24,1279432,334388.0,26.14
2026-05-12,ADANIENT,2500.2,2405.2,2438.9,1459022,498271.0,34.15
2026-05-13,ADANIENT,2405.2,2498.0,2478.8,2036291,663308.0,32.57
2026-05-14,ADANIENT,2498.0,2712.9,2646.22,9539233,2192630.0,22.99
2026-05-15,ADANIENT,2712.9,2716.0,2736.77,6742083,1182501.0,17.54
2026-05-18,ADANIENT,2716.0,2689.8,2680.17,2033884,406906.0,20.01
2026-05-19,ADANIENT,2689.8,2725.0,2740.14,4204144,1105573.0,26.3
2026-05-20,ADANIENT,2725.0,2704.8,2700.43,1187449,199164.0,16.77
2026-05-21,ADANIENT,2704.8,2697.6,2727.69,1606690,340547.0,21.2
2026-05-22,ADANIENT,2697.6,2717.3,2724.58,1094843,269273.0,24.59
2026-05-25,ADANIENT,2717.3,2849.7,2816.47,3277924,1011681.0,30.86
2026-05-26,ADANIENT,2849.7,2969.3,2920.76,4899494,1271864.0,25.96
2026-05-27,ADANIENT,2969.3,2973.1,2978.58,3826916,879795.0,22.99
2026-05-29,ADANIENT,2973.1,2937.4,2946.03,4040865,2146865.0,53.13
2026-06-01,ADANIENT,2937.4,2909.4,2916.39,1629342,604568.0,37.11
2026-06-02,ADANIENT,2909.4,2968.1,2918.5,2066890,563670.0,27.27
2026-06-03,ADANIENT,2968.1,2925.6,2922.19,1346112,273771.0,20.34
2026-06-04,ADANIENT,2925.6,2972.8,2962.79,1722991,550824.0,31.97
2026-06-05,ADANIENT,2972.8,3048.2,3015.26,5617327,1561092.0,27.79
2026-06-08,ADANIENT,3048.2,2970.0,3004.97,1653499,403044.0,24.38
2026-06-09,ADANIENT,2970.0,2979.9,2975.24,1841620,577178.0,31.34
2026-06-10,ADANIENT,2979.9,2931.1,2964.15,1475029,301712.0,20.45
2026-06-11,ADANIENT,2931.1,2908.8,2935.35,1204115,245806.0,20.41
2026-06-12,ADANIENT,2908.8,2921.6,2919.48,2321009,701869.0,30.24
2026-06-15,ADANIENT,2921.6,2942.5,2957.07,1174229,395605.0,33.69
2026-06-16,ADANIENT,2942.5,2943.6,2962.58,1851843,444068.0,23.98
2026-06-17,ADANIENT,2943.6,2951.9,2951.39,1244567,379659.0,30.51
2026-06-18,ADANIENT,2951.9,3013.4,2977.29,1774394,646265.0,36.42
2026-06-19,ADANIENT,3013.4,3038.4,3034.7,3620222,2068853.0,57.15
2026-06-22,ADANIENT,3038.4,3059.6,3037.74,1726452,508916.0,29.48
2026-06-23,ADANIENT,3059.6,2962.9,3009.36,1620658,473035.0,29.19
2026-06-24,ADANIENT,2962.9,3069.7,3031.87,2527812,494556.0,19.56
2026-06-25,ADANIENT,3069.7,3038.0,3067.4,1719600,436741.0,25.4
2026-06-29,ADANIENT,3038.0,2962.5,2972.81,1693354,665110.0,39.28
2026-06-30,ADANIENT,2962.5,3036.0,3017.28,2099291,1008839.0,48.06
2026-07-01,ADANIENT,3036.0,3143.6,3112.4,3415655,1585153.0,46.41
2026-07-02,ADANIENT,3143.6,3177.5,3178.32,3400034,1223983.0,36.0
2026-07-03,ADANIENT,3177.5,3212.1,3174.59,2848623,726796.0,25.51
2026-07-06,ADANIENT,3212.1,3206.6,3213.99,1978869,765699.0,38.69
2026-07-07,ADANIENT,3206.6,3107.2,3147.47,2093552,885319.0,42.29
2026-07-08,ADANIENT,3107.2,3046.9,3082.14,2321035,878079.0,37.83
2026-07-09,ADANIENT,3046.9,3083.6,3071.42,2609306,1092295.0,41.86
2026-07-10,ADANIENT,3083.6,3157.3,3157.88,2145335,940609.0,43.84
2026-07-13,ADANIENT,3157.3,3177.5,3173.02,1599810,730583.0,45.67
2026-07-14,ADANIENT,3177.5,3188.9,3185.53,1932879,653783.0,33.82
2026-07-15,ADANIENT,3188.9,3150.6,3166.82,1035101,399251.0,38.57
2026-07-16,ADANIENT,3150.6,3151.4,3159.16,1151243,559262.0,48.58
2026-07-17,ADANIENT,3151.4,3160.7,3159.75,1021302,468167.0,45.84
2026-07-20,ADANIENT,3160.7,3183.3,3166.73,994778,453424.0,45.58
2026-07-21,ADANIENT,3183.3,3182.7,3193.72,951463,449151.0,47.21
2026-07-22,ADANIENT,3182.7,3147.7,3168.32,977224,420449.0,43.02
2026-07-23,ADANIENT,3147.7,3010.0,3057.64,1580313,435094.0,27.53
2026-07-24,ADANIENT,3010.0,3026.4,3019.74,1280635,376223.0,29.38
2026-07-27,ADANIENT,3026.4,3036.6,3031.55,636870,165620.0,26.01
2026-07-28,ADANIENT,3036.6,3002.3,3005.81,1096125,421881.0,38.49
2026-07-29,ADANIENT,3002.3,3024.5,3013.68,1547208,323523.0,20.91
2026-07-30,ADANIENT,3024.5,3049.1,3037.31,1278332,472041.0,36.93
2026-07-31,ADANIENT,3049.1,3009.5,3024.33,866401,287675.0,33.2
2026-08-03,ADANIENT,3009.5,3068.0,3058.84,891429,332315.0,37.28
2026-08-03,ADANIGREEN,1383.0,1395.0,1407.95,3037528,1120736.0,36.9
2026-04-27,ADANIPORTS,1585.1,1628.5,1630.06,3787783,1499709.0,39.59
2026-04-28,ADANIPORTS,1628.5,1637.6,1634.48,2500914,1118118.0,44.71
2026-04-29,ADANIPORTS,1637.6,1661.1,1660.41,2345365,1077799.0,45.95
2026-04-30,ADANIPORTS,1661.1,1657.3,1633.98,6313698,2661072.0,42.15
2026-05-04,ADANIPORTS,1657.3,1742.6,1724.04,7171346,2216909.0,30.91
2026-05-05,ADANIPORTS,1742.6,1725.0,1735.87,4357699,1664812.0,38.2
2026-05-06,ADANIPORTS,1725.0,1748.3,1740.8,3001204,1239819.0,41.31
2026-05-07,ADANIPORTS,1748.3,1732.8,1730.06,3280485,1669255.0,50.88
2026-05-08,ADANIPORTS,1732.8,1760.4,1761.21,4984856,1858466.0,37.28
2026-05-11,ADANIPORTS,1760.4,1767.3,1758.98,4111229,1728506.0,42.04
2026-05-12,ADANIPORTS,1767.3,1688.2,1709.64,3441070,1633021.0,47.46
2026-05-13,ADANIPORTS,1688.2,1737.8,1728.77,3018421,1130702.0,37.46
2026-05-14,ADANIPORTS,1737.8,1773.4,1764.46,3051398,1066628.0,34.96
2026-05-15,ADANIPORTS,1773.4,1795.1,1801.07,5622212,2185623.0,38.87
2026-05-18,ADANIPORTS,1795.1,1787.7,1774.0,2562978,1208810.0,47.16
2026-05-19,ADANIPORTS,1787.7,1762.8,1783.02,2274987,719445.0,31.62
2026-05-20,ADANIPORTS,1762.8,1772.6,1765.7,1283223,423711.0,33.02
2026-05-21,ADANIPORTS,1772.6,1793.3,1790.39,1628329,554802.0,34.07
2026-05-22,ADANIPORTS,1793.3,1786.9,1791.01,1487044,762061.0,51.25
2026-05-25,ADANIPORTS,1786.9,1802.9,1802.33,1516143,707952.0,46.69
2026-05-26,ADANIPORTS,1802.9,1811.2,1810.2,2104926,986931.0,46.89
2026-05-27,ADANIPORTS,1811.2,1824.5,1828.01,2102406,779523.0,37.08
2026-05-29,ADANIPORTS,1824.5,1804.6,1808.14,3554087,2076023.0,58.41
2026-06-01,ADANIPORTS,1804.6,1783.5,1792.21,1224826,558316.0,45.58
2026-06-02,ADANIPORTS,1783.5,1814.5,1792.35,2256569,933676.0,41.38
2026-06-03,ADANIPORTS,1814.5,1803.8,1810.87,2967709,756498.0,25.49
2026-06-04,ADANIPORTS,1803.8,1790.9,1801.84,1369988,551414.0,40.25
2026-06-05,ADANIPORTS,1790.9,1824.2,1814.71,1640762,643449.0,39.22
2026-06-08,ADANIPORTS,1824.2,1805.0,1817.27,2574439,1441061.0,55.98
2026-06-09,ADANIPORTS,1805.0,1826.4,1812.98,1776339,783525.0,44.11
2026-06-10,ADANIPORTS,1826.4,1821.2,1836.6,2933100,1231358.0,41.98
2026-06-11,ADANIPORTS,1821.2,1787.1,1800.6,2229041,1127499.0,50.58
2026-06-12,ADANIPORTS,1787.1,1812.9,1800.77,2325897,1321568.0,56.82
2026-06-15,ADANIPORTS,1812.9,1804.8,1819.32,1421741,729175.0,51.29
2026-06-16,ADANIPORTS,1804.8,1822.0,1814.62,2215994,1119493.0,50.52
2026-06-17,ADANIPORTS,1822.0,1828.6,1816.35,2697924,1819716.0,67.45
2026-06-18,ADANIPORTS,1828.6,1842.1,1834.71,1643528,741189.0,45.1
2026-06-19,ADANIPORTS,1842.1,1835.3,1836.18,4382841,3107058.0,70.89
2026-06-22,ADANIPORTS,1835.3,1827.2,1824.2,1524494,655692.0,43.01
2026-06-23,ADANIPORTS,1827.2,1784.0,1801.5,3309685,2068020.0,62.48
2026-06-24,ADANIPORTS,1784.0,1813.3,1801.04,2141905,969795.0,45.28
2026-06-25,ADANIPORTS,1813.3,1796.0,1810.05,1850390,975120.0,52.7
2026-06-29,ADANIPORTS,1796.0,1776.1,1781.74,1693498,957690.0,56.55
2026-06-30,ADANIPORTS,1776.1,1810.2,1800.46,2230098,1123273.0,50.37
2026-07-01,ADANIPORTS,1810.2,1848.2,1852.0,4123193,1422524.0,34.5
2026-07-02,ADANIPORTS,1848.2,1883.2,1870.0,3089068,1614780.0,52.27
2026-07-03,ADANIPORTS,1883.2,1874.2,1876.57,1645113,781552.0,47.51
2026-07-06,ADANIPORTS,1874.2,1864.4,1873.01,1042695,602849.0,57.82
2026-07-07,ADANIPORTS,1864.4,1833.9,1857.75,1818238,948276.0,52.15
2026-07-08,ADANIPORTS,1833.9,1791.7,1812.58,1413919,624858.0,44.19
2026-07-09,ADANIPORTS,1791.7,1800.1,1809.15,1106782,455749.0,41.18
2026-07-10,ADANIPORTS,1800.1,1828.1,1835.11,1489787,629293.0,42.24
2026-07-13,ADANIPORTS,1828.1,1810.3,1813.81,1156618,592249.0,51.21
2026-07-14,ADANIPORTS,1810.3,1821.9,1821.97,1636778,697921.0,42.64
2026-07-15,ADANIPORTS,1821.9,1829.1,1830.17,917984,444087.0,48.38
2026-07-16,ADANIPORTS,1829.1,1826.4,1838.68,1952268,993814.0,50.91
2026-07-17,ADANIPORTS,1826.4,1837.4,1833.54,962152,411979.0,42.82
2026-07-20,ADANIPORTS,1837.4,1844.0,1842.67,754950,367061.0,48.62
2026-07-21,ADANIPORTS,1844.0,1846.5,1844.61,1372166,739460.0,53.89
2026-07-22,ADANIPORTS,1846.5,1819.4,1828.42,1436881,712952.0,49.62
2026-07-23,ADANIPORTS,1819.4,1778.5,1790.78,2592430,1521968.0,58.71
2026-07-24,ADANIPORTS,1778.5,1768.3,1771.63,1685770,855807.0,50.77
2026-07-27,ADANIPORTS,1768.3,1770.4,1764.02,2266975,1444861.0,63.74
2026-07-28,ADANIPORTS,1770.4,1774.7,1771.07,1776549,1102683.0,62.07
2026-07-29,ADANIPORTS,1774.7,1719.7,1731.17,5088460,1887341.0,37.09
2026-07-30,ADANIPORTS,1719.7,1664.1,1671.24,5395211,2400546.0,44.49
2026-07-31,ADANIPORTS,1664.1,1696.5,1690.89,4703646,2970424.0,63.15
2026-08-03,ADANIPORTS,1696.5,1701.0,1704.32,1664693,824171.0,49.51
2026-08-03,ADANIPOWER,211.31,213.65,213.0,13859607,4644244.0,33.51
2026-08-03,ADVENZYMES,315.1,323.75,329.13,1793899,481765.0,26.86
2026-08-03,AEGISLOG,1280.8,1388.3,1362.19,2444861,767689.0,31.4
2026-08-03,AEGISVOPAK,290.16,301.8,301.98,2083398,820177.0,39.37
2026-08-03,AEQUS,229.16,233.66,235.82,4222534,1719339.0,40.72
2026-08-03,AETHER,1539.6,1509.5,1522.73,557752,257074.0,46.09
2026-08-03,AFCONS,271.15,275.95,276.52,1309257,600571.0,45.87
2026-08-03,AFFLE,1586.0,1663.0,1641.63,447915,144297.0,32.22
2026-08-03,AGARWALEYE,478.0,483.3,483.34,56679,26792.0,47.27
2026-08-03,AHLUCONT,821.4,833.6,833.96,33625,17464.0,51.94
2026-08-03,AIAENG,4591.0,4684.6,4633.03,57776,25828.0,44.7
2026-08-03,AIIL,539.3,548.8,547.76,105935,41020.0,38.72
2026-08-03,AJANTPHARM,3465.2,3513.9,3512.47,119278,65832.0,55.19
2026-08-03,AKUMS,658.35,681.2,680.47,143860,73362.0,51.0
2026-08-03,ALIVUS,1160.0,1214.4,1207.61,199736,107489.0,53.82
2026-08-03,ALKEM,5751.5,5707.0,5699.54,122664,75373.0,61.45
2026-08-03,ALKYLAMINE,1785.6,1824.4,1824.45,48406,21142.0,43.68
2026-08-03,ALOKINDS,11.92,12.04,12.07,2054221,1278295.0,62.23
2026-08-03,AMBER,7440.5,7400.0,7480.84,133339,48087.0,36.06
2026-08-03,AMBUJACEM,432.2,444.0,441.75,3648798,2125265.0,58.25
2026-08-03,ANANDRATHI,2073.7,2058.7,2072.23,121852,67644.0,55.51
2026-08-03,ANANTRAJ,624.5,626.15,631.48,2760905,1047397.0,37.94
2026-08-03,ANGELONE,297.95,302.0,299.89,4487008,2093105.0,46.65
2026-08-03,ANTHEM,809.2,829.85,823.48,960047,549598.0,57.25
2026-08-03,ANUP,2172.9,2175.4,2185.45,14483,7063.0,48.77
2026-08-03,ANURAS,1207.8,1209.8,1207.96,199378,113716.0,57.04
2026-08-03,APARINDS,14348.0,14746.0,14764.54,281739,139323.0,49.45
2026-08-03,APLAPOLLO,1819.5,1941.5,1905.0,4251591,2010454.0,47.29
2026-08-03,APLLTD,797.05,805.75,807.82,58590,26955.0,46.01
2026-08-03,APOLLO,389.9,397.35,396.58,4826053,1401957.0,29.05
2026-04-27,APOLLOHOSP,7732.5,7825.0,7806.28,289661,182242.0,62.92
2026-04-28,APOLLOHOSP,7825.0,7753.0,7768.81,353826,214467.0,60.61
2026-04-29,APOLLOHOSP,7753.0,7709.0,7733.4,321242,189347.0,58.94
2026-04-30,APOLLOHOSP,7709.0,7636.5,7620.44,392016,258845.0,66.03
2026-05-04,APOLLOHOSP,7636.5,7737.5,7736.82,328426,206438.0,62.86
2026-05-05,APOLLOHOSP,7737.5,7772.0,7734.12,254331,171849.0,67.57
2026-05-06,APOLLOHOSP,7772.0,7760.5,7765.12,437084,353686.0,80.92
2026-05-07,APOLLOHOSP,7760.5,7837.0,7811.77,405862,268956.0,66.27
2026-05-08,APOLLOHOSP,7837.0,8097.0,8029.79,922866,467835.0,50.69
2026-05-11,APOLLOHOSP,8097.0,8082.0,8092.91,466135,247641.0,53.13
2026-05-12,APOLLOHOSP,8082.0,8022.5,8029.9,390002,268612.0,68.87
2026-05-13,APOLLOHOSP,8022.5,8004.5,8039.31,329337,182143.0,55.31
2026-05-14,APOLLOHOSP,8004.5,8119.0,8133.23,431011,230814.0,53.55
2026-05-15,APOLLOHOSP,8119.0,8082.5,8088.37,300134,192277.0,64.06
2026-05-18,APOLLOHOSP,8082.5,8020.5,8050.66,323387,203753.0,63.01
2026-05-19,APOLLOHOSP,8020.5,8026.0,8038.97,396261,271247.0,68.45
2026-05-20,APOLLOHOSP,8026.0,8078.5,8050.34,492013,251846.0,51.19
2026-05-21,APOLLOHOSP,8078.5,8308.5,8253.86,1425124,391712.0,27.49
2026-05-22,APOLLOHOSP,8308.5,8362.5,8363.76,564876,309142.0,54.73
2026-05-25,APOLLOHOSP,8362.5,8404.0,8405.44,364945,248504.0,68.09
2026-05-26,APOLLOHOSP,8404.0,8258.5,8297.86,310581,168511.0,54.26
2026-05-27,APOLLOHOSP,8258.5,8272.5,8246.78,293786,145161.0,49.41
2026-05-29,APOLLOHOSP,8272.5,8176.5,8202.71,1042419,714104.0,68.5
2026-06-01,APOLLOHOSP,8176.5,8108.5,8168.87,217401,110259.0,50.72
2026-06-02,APOLLOHOSP,8108.5,8089.5,8016.07,556161,311609.0,56.03
2026-06-03,APOLLOHOSP,8089.5,8290.5,8244.37,724687,367169.0,50.67
2026-06-04,APOLLOHOSP,8290.5,8249.0,8253.76,345278,212978.0,61.68
2026-06-05,APOLLOHOSP,8249.0,8304.5,8293.24,187969,82828.0,44.06
2026-06-08,APOLLOHOSP,8304.5,8358.5,8402.43,539009,237472.0,44.06
2026-06-09,APOLLOHOSP,8358.5,8524.0,8485.39,818210,571715.0,69.87
2026-06-10,APOLLOHOSP,8524.0,8488.5,8571.11,487815,266493.0,54.63
2026-06-11,APOLLOHOSP,8488.5,8493.0,8483.48,314597,184948.0,58.79
2026-06-12,APOLLOHOSP,8493.0,8498.0,8495.58,276444,161482.0,58.41
2026-06-15,APOLLOHOSP,8498.0,8468.5,8454.23,358223,211708.0,59.1
2026-06-16,APOLLOHOSP,8468.5,8390.5,8419.8,263172,184990.0,70.29
2026-06-17,APOLLOHOSP,8390.5,8427.5,8425.24,185437,111354.0,60.05
2026-06-18,APOLLOHOSP,8427.5,8411.5,8413.44,304242,219918.0,72.28
2026-06-19,APOLLOHOSP,8411.5,8489.5,8472.05,333583,205749.0,61.68
2026-06-22,APOLLOHOSP,8489.5,8469.0,8459.71,208982,134786.0,64.5
2026-06-23,APOLLOHOSP,8469.0,8487.5,8511.97,248581,138432.0,55.69
2026-06-24,APOLLOHOSP,8487.5,8573.5,8557.48,399731,242315.0,60.62
2026-06-25,APOLLOHOSP,8573.5,8592.0,8613.09,378450,226833.0,59.94
2026-06-29,APOLLOHOSP,8592.0,8655.0,8674.92,363592,210207.0,57.81
2026-06-30,APOLLOHOSP,8655.0,8682.0,8700.84,491231,301396.0,61.36
2026-07-01,APOLLOHOSP,8682.0,8618.5,8651.53,163174,101547.0,62.23
2026-07-02,APOLLOHOSP,8618.5,8696.0,8678.84,152705,92433.0,60.53
2026-07-03,APOLLOHOSP,8696.0,8893.5,8854.66,377549,169134.0,44.8
2026-07-06,APOLLOHOSP,8893.5,8888.5,8875.21,219681,137213.0,62.46
2026-07-07,APOLLOHOSP,8888.5,8837.0,8859.38,189321,108564.0,57.34
2026-07-08,APOLLOHOSP,8837.0,8753.5,8788.52,275829,145691.0,52.82
2026-07-09,APOLLOHOSP,8753.5,8845.5,8866.83,571832,416587.0,72.85
2026-07-10,APOLLOHOSP,8845.5,8841.0,8822.94,264694,186523.0,70.47
2026-07-13,APOLLOHOSP,8841.0,8782.5,8811.14,410798,224600.0,54.67
2026-07-14,APOLLOHOSP,8782.5,8900.5,8875.94,412508,274987.0,66.66
2026-07-15,APOLLOHOSP,8900.5,8934.0,8956.15,501832,286937.0,57.18
2026-07-16,APOLLOHOSP,8934.0,8888.0,8895.12,234384,163064.0,69.57
2026-07-17,APOLLOHOSP,8888.0,8826.0,8828.83,144563,72123.0,49.89
2026-07-20,APOLLOHOSP,8826.0,8905.0,8893.55,317613,203195.0,63.98
2026-07-21,APOLLOHOSP,8905.0,8926.5,8910.34,200394,136843.0,68.29
2026-07-22,APOLLOHOSP,8926.5,8938.0,8916.79,158324,108600.0,68.59
2026-07-23,APOLLOHOSP,8938.0,8862.0,8852.65,148922,89376.0,60.02
2026-07-24,APOLLOHOSP,8862.0,8805.5,8815.77,189462,123583.0,65.23
2026-07-27,APOLLOHOSP,8805.5,8843.5,8807.02,135186,72686.0,53.77
2026-07-28,APOLLOHOSP,8843.5,8903.0,8888.05,167309,101070.0,60.41
2026-07-29,APOLLOHOSP,8903.0,8935.0,8939.47,164862,96638.0,58.62
2026-07-30,APOLLOHOSP,8935.0,8988.0,8969.35,263013,163350.0,62.11
2026-07-31,APOLLOHOSP,8988.0,8957.0,8966.91,268253,173814.0,64.79
2026-08-03,APOLLOHOSP,8957.0,8820.0,8877.71,250717,143836.0,57.37
2026-08-03,APOLLOTYRE,428.15,436.6,435.62,623690,288514.0,46.26
2026-08-03,APTUS,261.2,263.6,262.39,1314539,650487.0,49.48
2026-08-03,ARE&M,910.45,932.3,931.42,1710264,879347.0,51.42
2026-08-03,ARVIND,513.2,528.95,530.15,623621,302762.0,48.55
2026-08-03,ARVINDFASN,450.0,449.15,450.49,164972,110621.0,67.05
2026-08-03,ASAHIINDIA,876.55,897.05,893.65,46380,25684.0,55.38
2026-08-03,ASHAPURMIN,702.55,717.85,722.55,903568,402222.0,44.51
2026-08-03,ASHOKA,121.09,121.12,121.41,960055,641639.0,66.83
2026-08-03,ASHOKLEY,166.18,174.55,173.1,47817945,21638136.0,45.25
2026-04-27,ASIANPAINT,2485.1,2485.2,2494.75,452134,193946.0,42.9
2026-04-28,ASIANPAINT,2485.2,2462.6,2476.32,556571,215096.0,38.65
2026-04-29,ASIANPAINT,2462.6,2447.3,2455.41,603585,275460.0,45.64
2026-04-30,ASIANPAINT,2447.3,2444.5,2426.45,823684,276469.0,33.56
2026-05-04,ASIANPAINT,2444.5,2448.1,2471.81,581159,262986.0,45.25
2026-05-05,ASIANPAINT,2448.1,2430.0,2430.45,327682,100003.0,30.52
2026-05-06,ASIANPAINT,2430.0,2519.0,2497.06,1395987,739342.0,52.96
2026-05-07,ASIANPAINT,2519.0,2530.6,2530.96,1053513,452584.0,42.96
2026-05-08,ASIANPAINT,2530.6,2599.9,2587.57,2327900,1245711.0,53.51
2026-05-11,ASIANPAINT,2599.9,2566.1,2580.82,1271257,643779.0,50.64
2026-05-12,ASIANPAINT,2566.1,2505.5,2517.05,628802,317842.0,50.55
2026-05-13,ASIANPAINT,2505.5,2617.6,2612.46,3515018,1532526.0,43.6
2026-05-14,ASIANPAINT,2617.6,2622.2,2631.8,1040916,472874.0,45.43
2026-05-15,ASIANPAINT,2622.2,2605.6,2611.89,796240,418877.0,52.61
2026-05-18,ASIANPAINT,2605.6,2614.0,2600.14,898479,511625.0,56.94
2026-05-19,ASIANPAINT,2614.0,2600.7,2618.66,688639,387370.0,56.25
2026-05-20,ASIANPAINT,2600.7,2598.6,2600.3,586190,296513.0,50.58
2026-05-21,ASIANPAINT,2598.6,2598.8,2616.59,1031843,589414.0,57.12
2026-05-22,ASIANPAINT,2598.8,2639.8,2649.05,1556434,643140.0,41.32
2026-05-25,ASIANPAINT,2639.8,2657.8,2666.88,815621,410448.0,50.32
2026-05-26,ASIANPAINT,2657.8,2647.0,2651.13,486267,272737.0,56.09
2026-05-27,ASIANPAINT,2647.0,2671.9,2673.71,858457,428405.0,49.9
2026-05-29,ASIANPAINT,2671.9,2671.6,2681.8,5062328,2033466.0,40.17
2026-06-01,ASIANPAINT,2671.6,2632.4,2704.41,2224344,565317.0,25.41
2026-06-02,ASIANPAINT,2632.4,2660.7,2642.91,1026319,444362.0,43.3
2026-06-03,ASIANPAINT,2660.7,2662.4,2658.87,958774,485598.0,50.65
2026-06-04,ASIANPAINT,2662.4,2661.6,2672.15,1840743,1187127.0,64.49
2026-06-05,ASIANPAINT,2661.6,2686.7,2688.76,1615011,1000551.0,61.95
2026-06-08,ASIANPAINT,2686.7,2659.2,2659.3,1262904,823797.0,65.23
2026-06-09,ASIANPAINT,2659.2,2708.1,2698.14,1416560,882234.0,62.28
2026-06-10,ASIANPAINT,2708.1,2715.1,2727.98,1395772,976365.0,69.95
2026-06-11,ASIANPAINT,2715.1,2690.9,2689.39,771558,493961.0,64.02
2026-06-12,ASIANPAINT,2690.9,2747.4,2738.21,1078025,542692.0,50.34
2026-06-15,ASIANPAINT,2747.4,2739.3,2783.58,2752021,1448993.0,52.65
2026-06-16,ASIANPAINT,2739.3,2748.1,2752.71,962931,596988.0,62.0
2026-06-17,ASIANPAINT,2748.1,2738.0,2743.6,557209,343452.0,61.64
2026-06-18,ASIANPAINT,2738.0,2755.0,2747.09,600888,314662.0,52.37
2026-06-19,ASIANPAINT,2755.0,2732.9,2731.76,838991,527766.0,62.9
2026-06-22,ASIANPAINT,2732.9,2674.0,2693.08,1033475,634748.0,61.42
2026-06-23,ASIANPAINT,2674.0,2661.2,2668.24,1182151,701955.0,59.38
2026-06-24,ASIANPAINT,2661.2,2667.5,2668.59,1264476,839397.0,66.38
2026-06-25,ASIANPAINT,2667.5,2645.2,2661.86,2050810,1401325.0,68.33
2026-06-29,ASIANPAINT,2645.2,2656.9,2656.4,4752587,3790723.0,79.76
2026-06-30,ASIANPAINT,2656.9,2635.7,2651.52,1821479,1107474.0,60.8
2026-07-01,ASIANPAINT,2635.7,2716.4,2695.3,1097512,528655.0,48.17
2026-07-02,ASIANPAINT,2716.4,2744.5,2740.18,1629567,1153052.0,70.76
2026-07-03,ASIANPAINT,2744.5,2737.8,2743.01,472124,273385.0,57.91
2026-07-06,ASIANPAINT,2737.8,2754.9,2744.84,504943,327795.0,64.92
2026-07-07,ASIANPAINT,2754.9,2731.4,2738.63,489066,279358.0,57.12
2026-07-08,ASIANPAINT,2731.4,2665.9,2676.44,1481672,780603.0,52.68
2026-07-09,ASIANPAINT,2665.9,2673.8,2693.29,918568,538739.0,58.65
2026-07-10,ASIANPAINT,2673.8,2677.8,2689.27,982095,644989.0,65.67
2026-07-13,ASIANPAINT,2677.8,2652.1,2649.39,1107802,725554.0,65.49
2026-07-14,ASIANPAINT,2652.1,2641.0,2639.94,975301,622403.0,63.82
2026-07-15,ASIANPAINT,2641.0,2670.0,2670.25,809114,516939.0,63.89
2026-07-16,ASIANPAINT,2670.0,2674.7,2676.01,455037,293638.0,64.53
2026-07-17,ASIANPAINT,2674.7,2689.0,2687.84,452284,228866.0,50.6
2026-07-20,ASIANPAINT,2689.0,2691.4,2686.76,571087,331863.0,58.11
2026-07-21,ASIANPAINT,2691.4,2692.4,2695.02,1000078,629185.0,62.91
2026-07-22,ASIANPAINT,2692.4,2692.8,2684.59,528096,279494.0,52.92
2026-07-23,ASIANPAINT,2692.8,2668.8,2671.71,584245,303601.0,51.96
2026-07-24,ASIANPAINT,2668.8,2637.9,2643.06,645563,394432.0,61.1
2026-07-27,ASIANPAINT,2637.9,2710.2,2710.43,715239,271777.0,38.0
2026-07-28,ASIANPAINT,2710.2,2736.2,2732.55,1282146,638809.0,49.82
2026-07-29,ASIANPAINT,2736.2,2758.4,2787.66,3803474,1075972.0,28.29
2026-07-30,ASIANPAINT,2758.4,2746.2,2723.88,2387024,996805.0,41.76
2026-07-31,ASIANPAINT,2746.2,2747.3,2749.85,891738,443480.0,49.73
2026-08-03,ASIANPAINT,2747.3,2810.0,2778.04,1040453,616811.0,59.28
2026-08-03,ASKAUTOLTD,528.05,569.65,554.33,1082723,488274.0,45.1
2026-08-03,ASTERDM,822.15,815.15,818.69,623483,375921.0,60.29
2026-08-03,ASTRAL,1448.6,1435.6,1443.02,652477,334041.0,51.2
2026-08-03,ASTRAMICRO,1861.6,1848.8,1862.99,372847,158525.0,42.52
2026-08-03,ATGL,651.45,667.6,669.92,1235916,263907.0,21.35
2026-08-03,ATHERENERG,1260.3,1272.7,1262.84,3918512,1383982.0,35.32
2026-08-03,ATLANTAELE,1539.0,1589.8,1585.7,109420,49915.0,45.62
2026-08-03,ATUL,6736.5,6777.0,6806.26,23390,11214.0,47.94
2026-08-03,AUBANK,1047.3,1060.0,1046.61,1367532,807923.0,59.08
2026-08-03,AURIONPRO,733.4,739.55,739.87,233978,149353.0,63.83
2026-08-03,AUROPHARMA,1580.2,1554.7,1565.04,1496353,930962.0,62.22
2026-08-03,AVALON,1807.9,1751.8,1783.52,280823,128037.0,45.59
2026-08-03,AVANTIFEED,899.6,907.3,912.14,650344,306474.0,47.12
2026-08-03,AVL,638.05,623.65,620.3,338580,112792.0,33.31
2026-08-03,AWFIS,278.1,277.3,278.77,171951,107773.0,62.68
2026-08-03,AWL,189.44,190.3,190.81,3413191,1537315.0,45.04
2026-04-27,AXISBANK,1365.9,1324.2,1316.09,10768267,6182792.0,57.42
2026-04-28,AXISBANK,1324.2,1289.0,1297.09,9939787,6051470.0,60.88
2026-04-29,AXISBANK,1289.0,1296.4,1293.7,6228275,3665015.0,58.84
2026-04-30,AXISBANK,1296.4,1268.3,1265.98,16481853,11569446.0,70.2
2026-05-04,AXISBANK,1268.3,1275.1,1276.82,9759479,6503810.0,66.64
2026-05-05,AXISBANK,1275.1,1259.7,1264.88,10163714,5180971.0,50.98
2026-05-06,AXISBANK,1259.7,1294.2,1278.01,7277673,4607227.0,63.31
2026-05-07,AXISBANK,1294.2,1292.7,1294.28,6785048,3243567.0,47.8
2026-05-08,AXISBANK,1292.7,1268.3,1270.96,6358595,4372727.0,68.77
2026-05-11,AXISBANK,1268.3,1272.3,1272.32,7341360,5036092.0,68.6
2026-05-12,AXISBANK,1272.3,1260.1,1264.68,5727828,3074780.0,53.68
2026-05-13,AXISBANK,1260.1,1255.7,1261.49,6045406,3753509.0,62.09
2026-05-14,AXISBANK,1255.7,1254.6,1254.43,5822618,2710540.0,46.55
2026-05-15,AXISBANK,1254.6,1244.8,1251.26,4805485,3238004.0,67.38
2026-05-18,AXISBANK,1244.8,1237.9,1233.6,6052023,4058710.0,67.06
2026-05-19,AXISBANK,1237.9,1238.3,1239.84,9200314,5134946.0,55.81
2026-05-20,AXISBANK,1238.3,1249.8,1244.46,3562641,2100527.0,58.96
2026-05-21,AXISBANK,1249.8,1253.3,1254.69,5171528,2847783.0,55.07
2026-05-22,AXISBANK,1253.3,1285.4,1280.27,5016900,3177729.0,63.34
2026-05-25,AXISBANK,1285.4,1311.2,1304.52,5671455,4153506.0,73.24
2026-05-26,AXISBANK,1311.2,1299.3,1301.83,6455265,2439470.0,37.79
2026-05-27,AXISBANK,1299.3,1304.1,1303.26,7243174,4151013.0,57.31
2026-05-29,AXISBANK,1304.1,1286.6,1290.23,15215715,10851542.0,71.32
2026-06-01,AXISBANK,1286.6,1275.9,1276.5,4311076,2762419.0,64.08
2026-06-02,AXISBANK,1275.9,1251.1,1255.81,11884695,6670605.0,56.13
2026-06-03,AXISBANK,1251.1,1255.2,1250.99,7953326,4740421.0,59.6
2026-06-04,AXISBANK,1255.2,1253.3,1251.58,6392593,4173058.0,65.28
2026-06-05,AXISBANK,1253.3,1272.3,1264.47,7825303,4633062.0,59.21
2026-06-08,AXISBANK,1272.3,1268.1,1271.36,5034388,2935335.0,58.31
2026-06-09,AXISBANK,1268.1,1292.4,1286.43,7533504,4687036.0,62.22
2026-06-10,AXISBANK,1292.4,1314.5,1314.2,12262606,8566780.0,69.86
2026-06-11,AXISBANK,1314.5,1317.3,1324.42,8196686,5042556.0,61.52
2026-06-12,AXISBANK,1317.3,1356.3,1341.6,8535670,5921588.0,69.37
2026-06-15,AXISBANK,1356.3,1368.3,1367.84,7522828,5220325.0,69.39
2026-06-16,AXISBANK,1368.3,1365.7,1362.48,7709061,4957554.0,64.31
2026-06-17,AXISBANK,1365.7,1350.9,1354.89,4761917,3101533.0,65.13
2026-06-18,AXISBANK,1350.9,1360.1,1358.13,5186573,3356784.0,64.72
2026-06-19,AXISBANK,1360.1,1357.9,1356.27,4640277,3411791.0,73.53
2026-06-22,AXISBANK,1357.9,1358.6,1360.86,3153284,1811196.0,57.44
2026-06-23,AXISBANK,1358.6,1363.5,1364.57,5745853,3298871.0,57.41
2026-06-24,AXISBANK,1363.5,1384.5,1378.64,8343829,5871486.0,70.37
2026-06-25,AXISBANK,1384.5,1377.2,1385.56,7995552,4920117.0,61.54
2026-06-29,AXISBANK,1377.2,1356.8,1372.54,12602010,8837263.0,70.13
2026-06-30,AXISBANK,1356.8,1345.7,1355.19,7781221,3558715.0,45.73
2026-07-01,AXISBANK,1345.7,1368.7,1368.87,3187785,1715757.0,53.82
2026-07-02,AXISBANK,1368.7,1362.6,1365.01,4013561,2013440.0,50.17
2026-07-03,AXISBANK,1362.6,1342.1,1353.55,3500465,2047608.0,58.5
2026-07-06,AXISBANK,1342.1,1339.6,1350.98,5154081,2725679.0,52.88
2026-07-07,AXISBANK,1339.6,1341.0,1345.43,6198988,4192028.0,67.62
2026-07-08,AXISBANK,1341.0,1309.5,1322.3,6917968,3536609.0,51.12
2026-07-09,AXISBANK,1309.5,1297.6,1305.52,5609851,3107538.0,55.39
2026-07-10,AXISBANK,1297.6,1323.7,1319.97,3549139,2074429.0,58.45
2026-07-13,AXISBANK,1323.7,1319.4,1320.87,3674483,2171564.0,59.1
2026-07-14,AXISBANK,1319.4,1317.6,1313.7,6005505,2672345.0,44.5
2026-07-15,AXISBANK,1317.6,1312.3,1326.94,9442403,5077075.0,53.77
2026-07-16,AXISBANK,1312.3,1307.6,1305.33,5001226,3052162.0,61.03
2026-07-17,AXISBANK,1307.6,1328.5,1325.25,11192836,6894193.0,61.59
2026-07-20,AXISBANK,1328.5,1256.0,1261.54,25314148,16693350.0,65.94
2026-07-21,AXISBANK,1256.0,1258.2,1256.51,15014867,10747387.0,71.58
2026-07-22,AXISBANK,1258.2,1238.4,1239.18,8358923,6508706.0,77.87
2026-07-23,AXISBANK,1238.4,1223.0,1226.76,8240787,5784370.0,70.19
2026-07-24,AXISBANK,1223.0,1227.3,1223.57,8088828,5835161.0,72.14
2026-07-27,AXISBANK,1227.3,1227.5,1226.94,5967502,4070389.0,68.21
2026-07-28,AXISBANK,1227.5,1223.5,1226.04,6093182,3455395.0,56.71
2026-07-29,AXISBANK,1223.5,1235.4,1224.6,10110233,6142410.0,60.75
2026-07-30,AXISBANK,1235.4,1228.9,1225.48,6878684,4351894.0,63.27
2026-07-31,AXISBANK,1228.9,1229.5,1229.73,7487936,5670614.0,75.73
2026-08-03,AXISBANK,1229.5,1272.0,1248.41,6713421,4182291.0,62.3
2026-08-03,AXISCADES,1553.5,1572.9,1563.97,224880,143100.0,63.63
2026-08-03,AZAD,2292.5,2306.8,2329.83,304016,121184.0,39.86
2026-08-03,BAJAJ-AUTO,11520.5,11856.0,11516.75,281232,176400.0,62.72
2026-08-03,BAJAJELEC,332.9,337.65,338.59,110852,58133.0,52.44
2026-04-27,BAJAJFINSV,1770.7,1772.2,1774.77,1267827,837236.0,66.04
2026-04-28,BAJAJFINSV,1772.2,1779.0,1775.72,1414112,794115.0,56.16
2026-04-29,BAJAJFINSV,1779.0,1764.2,1775.95,699788,391373.0,55.93
2026-04-30,BAJAJFINSV,1764.2,1747.2,1759.35,2574629,1082596.0,42.05
2026-05-04,BAJAJFINSV,1747.2,1770.4,1768.0,1720030,925104.0,53.78
2026-05-05,BAJAJFINSV,1770.4,1794.6,1776.6,1270233,639851.0,50.37
2026-05-06,BAJAJFINSV,1794.6,1836.1,1823.36,1059177,495431.0,46.78
2026-05-07,BAJAJFINSV,1836.1,1824.5,1825.83,945912,487105.0,51.5
2026-05-08,BAJAJFINSV,1824.5,1818.3,1814.06,719570,377812.0,52.51
2026-05-11,BAJAJFINSV,1818.3,1794.2,1799.48,541986,255731.0,47.18
2026-05-12,BAJAJFINSV,1794.2,1744.8,1761.82,1041932,509016.0,48.85
2026-05-13,BAJAJFINSV,1744.8,1728.9,1738.78,666278,303053.0,45.48
2026-05-14,BAJAJFINSV,1728.9,1740.2,1732.42,2086133,1482518.0,71.07
2026-05-15,BAJAJFINSV,1740.2,1728.1,1746.76,2347840,1886224.0,80.34
2026-05-18,BAJAJFINSV,1728.1,1753.1,1736.17,1199186,620111.0,51.71
2026-05-19,BAJAJFINSV,1753.1,1749.8,1753.09,640335,302720.0,47.28
2026-05-20,BAJAJFINSV,1749.8,1772.0,1761.62,779574,395645.0,50.75
2026-05-21,BAJAJFINSV,1772.0,1752.2,1760.61,479195,203641.0,42.5
2026-05-22,BAJAJFINSV,1752.2,1766.0,1767.95,392442,171926.0,43.81
2026-05-25,BAJAJFINSV,1766.0,1807.4,1800.82,456676,179350.0,39.27
2026-05-26,BAJAJFINSV,1807.4,1800.7,1804.15,811184,439735.0,54.21
2026-05-27,BAJAJFINSV,1800.7,1809.1,1806.64,339636,167612.0,49.35
2026-05-29,BAJAJFINSV,1809.1,1783.6,1788.79,1445842,1007011.0,69.65
2026-06-01,BAJAJFINSV,1783.6,1758.9,1776.01,399937,175560.0,43.9
2026-06-02,BAJAJFINSV,1758.9,1741.4,1736.95,1004282,482693.0,48.06
2026-06-03,BAJAJFINSV,1741.4,1734.4,1726.51,561611,258195.0,45.97
2026-06-04,BAJAJFINSV,1734.4,1709.8,1716.99,767631,419339.0,54.63
2026-06-05,BAJAJFINSV,1709.8,1703.2,1719.54,1414054,757530.0,53.57
2026-06-08,BAJAJFINSV,1703.2,1674.6,1678.48,757180,420159.0,55.49
2026-06-09,BAJAJFINSV,1674.6,1693.1,1689.64,567616,218950.0,38.57
2026-06-10,BAJAJFINSV,1693.1,1664.2,1681.2,525263,265616.0,50.57
2026-06-11,BAJAJFINSV,1664.2,1645.1,1650.01,589370,310270.0,52.64
2026-06-12,BAJAJFINSV,1645.1,1689.1,1669.92,1486234,883746.0,59.46
2026-06-15,BAJAJFINSV,1689.1,1750.2,1750.65,2002931,1190665.0,59.45
2026-06-16,BAJAJFINSV,1750.2,1787.3,1784.52,2043227,1236933.0,60.54
2026-06-17,BAJAJFINSV,1787.3,1764.6,1765.66,903580,445231.0,49.27
2026-06-18,BAJAJFINSV,1764.6,1771.7,1761.57,1011360,636198.0,62.91
2026-06-19,BAJAJFINSV,1771.7,1769.4,1767.47,837089,509702.0,60.89
2026-06-22,BAJAJFINSV,1769.4,1782.2,1774.53,1828102,1292629.0,70.71
2026-06-23,BAJAJFINSV,1782.2,1765.0,1779.18,885946,510884.0,57.67
2026-06-24,BAJAJFINSV,1765.0,1780.5,1779.05,891924,478143.0,53.61
2026-06-25,BAJAJFINSV,1780.5,1764.6,1773.35,1108117,571407.0,51.57
2026-06-29,BAJAJFINSV,1764.6,1759.3,1763.3,1565424,1142045.0,72.95
2026-06-30,BAJAJFINSV,1759.3,1780.2,1778.86,1234164,540489.0,43.79
2026-07-01,BAJAJFINSV,1780.2,1797.6,1776.51,1768906,1011127.0,57.16
2026-07-02,BAJAJFINSV,1797.6,1855.7,1837.48,1786876,767372.0,42.94
2026-07-03,BAJAJFINSV,1855.7,1895.6,1895.06,2036834,838479.0,41.17
2026-07-06,BAJAJFINSV,1895.6,1870.7,1876.09,1228228,824134.0,67.1
2026-07-07,BAJAJFINSV,1870.7,1885.3,1887.6,877577,379181.0,43.21
2026-07-08,BAJAJFINSV,1885.3,1854.9,1863.05,1439841,867073.0,60.22
2026-07-09,BAJAJFINSV,1854.9,1895.0,1885.08,2049967,1342456.0,65.49
2026-07-10,BAJAJFINSV,1895.0,1916.0,1910.64,822344,486722.0,59.19
2026-07-13,BAJAJFINSV,1916.0,1908.1,1898.19,1002460,586180.0,58.47
2026-07-14,BAJAJFINSV,1908.1,1869.2,1874.39,1811978,1196776.0,66.05
2026-07-15,BAJAJFINSV,1869.2,1849.6,1867.14,595343,287615.0,48.31
2026-07-16,BAJAJFINSV,1849.6,1838.6,1839.18,1669077,1174685.0,70.38
2026-07-17,BAJAJFINSV,1838.6,1854.0,1854.13,705632,355627.0,50.4
2026-07-20,BAJAJFINSV,1854.0,1861.5,1858.84,1397352,971043.0,69.49
2026-07-21,BAJAJFINSV,1861.5,1900.6,1888.21,1668696,1021068.0,61.19
2026-07-22,BAJAJFINSV,1900.6,1876.4,1880.1,1023902,659803.0,64.44
2026-07-23,BAJAJFINSV,1876.4,1889.4,1890.41,1242914,655357.0,52.73
2026-07-24,BAJAJFINSV,1889.4,1876.7,1877.7,1412443,928590.0,65.74
2026-07-27,BAJAJFINSV,1876.7,1913.0,1907.19,651274,304983.0,46.83
2026-07-28,BAJAJFINSV,1913.0,1927.9,1925.85,1415016,761316.0,53.8
2026-07-29,BAJAJFINSV,1927.9,1924.4,1922.9,1066741,672849.0,63.08
2026-07-30,BAJAJFINSV,1924.4,1909.4,1907.95,752615,342983.0,45.57
2026-07-31,BAJAJFINSV,1909.4,2029.1,2002.53,3731886,1148328.0,30.77
2026-08-03,BAJAJFINSV,2029.1,2096.0,2078.06,2850085,1547915.0,54.31
2026-08-03,BAJAJHFL,86.02,86.85,86.85,3208217,1596739.0,49.77
2026-08-03,BAJAJHLDNG,11343.0,11599.0,11454.67,46101,18017.0,39.08
2026-04-27,BAJFINANCE,921.55,921.8,920.91,7813458,3922131.0,50.2
2026-04-28,BAJFINANCE,921.8,923.65,923.58,7119135,4082142.0,57.34
2026-04-29,BAJFINANCE,923.65,930.0,929.23,5438997,2448990.0,45.03
2026-04-30,BAJFINANCE,930.0,937.0,951.68,27364272,10101163.0,36.91
2026-05-04,BAJFINANCE,937.0,950.2,952.15,7503756,3414014.0,45.5
2026-05-05,BAJFINANCE,950.2,958.6,948.26,7290077,2421108.0,33.21
2026-05-06,BAJFINANCE,958.6,980.75,975.7,7771237,3646638.0,46.92
2026-05-07,BAJFINANCE,980.75,972.75,976.49,7873561,4354156.0,55.3
2026-05-08,BAJFINANCE,972.75,955.35,957.84,5555386,2869459.0,51.65
2026-05-11,BAJFINANCE,955.35,936.05,944.79,5581022,2937151.0,52.63
2026-05-12,BAJFINANCE,936.05,904.2,911.79,7174645,3071228.0,42.81
2026-05-13,BAJFINANCE,904.2,896.15,899.49,7422952,4047446.0,54.53
2026-05-14,BAJFINANCE,896.15,912.15,904.72,6815238,2476934.0,36.34
2026-05-15,BAJFINANCE,912.15,910.45,915.28,5012279,2398217.0,47.85
2026-05-18,BAJFINANCE,910.45,921.1,910.96,6387223,3209084.0,50.24
2026-05-19,BAJFINANCE,921.1,923.55,924.54,8313548,5238652.0,63.01
2026-05-20,BAJFINANCE,923.55,923.1,918.24,5864990,3438366.0,58.63
2026-05-21,BAJFINANCE,923.1,907.65,912.52,9713326,4674137.0,48.12
2026-05-22,BAJFINANCE,907.65,916.55,918.31,4811990,2575980.0,53.53
2026-05-25,BAJFINANCE,916.55,941.9,936.32,7065528,3973221.0,56.23
2026-05-26,BAJFINANCE,941.9,930.2,938.48,8489543,4984939.0,58.72
2026-05-27,BAJFINANCE,930.2,931.15,930.23,5349669,2688905.0,50.26
2026-05-29,BAJFINANCE,931.15,908.25,910.8,46752428,32611816.0,69.75
2026-06-01,BAJFINANCE,908.25,889.05,895.27,6887616,3987381.0,57.89
2026-06-02,BAJFINANCE,889.05,882.0,872.67,15697997,7979169.0,50.83
2026-06-03,BAJFINANCE,882.0,876.8,871.93,14747769,7879337.0,53.43
2026-06-04,BAJFINANCE,876.8,874.4,874.23,9676279,6123996.0,63.29
2026-06-05,BAJFINANCE,874.4,889.4,895.86,13274646,5666896.0,42.69
2026-06-08,BAJFINANCE,889.4,871.1,871.73,6203084,3427564.0,55.26
2026-06-09,BAJFINANCE,871.1,886.9,882.76,9183355,5630883.0,61.32
2026-06-10,BAJFINANCE,886.9,884.1,887.7,6939714,4126966.0,59.47
2026-06-11,BAJFINANCE,884.1,870.55,874.72,5191085,3039783.0,58.56
2026-06-12,BAJFINANCE,870.55,918.3,900.97,11729668,6916631.0,58.97
2026-06-15,BAJFINANCE,918.3,942.3,948.41,11989428,6996001.0,58.35
2026-06-16,BAJFINANCE,942.3,959.65,958.51,9335988,5920940.0,63.42
2026-06-17,BAJFINANCE,959.65,958.4,957.55,5682977,3661199.0,64.42
2026-06-18,BAJFINANCE,958.4,958.85,955.43,5750456,3743638.0,65.1
2026-06-19,BAJFINANCE,958.85,961.8,962.57,12941776,9876245.0,76.31
2026-06-22,BAJFINANCE,961.8,968.3,966.87,5680845,3440597.0,60.56
2026-06-23,BAJFINANCE,968.3,962.4,967.33,8202516,5283028.0,64.41
2026-06-24,BAJFINANCE,962.4,990.95,982.34,9873777,6003879.0,60.81
2026-06-25,BAJFINANCE,990.95,980.4,991.36,12807092,8171189.0,63.8
2026-06-29,BAJFINANCE,980.4,982.05,983.72,19875760,14500590.0,72.96
2026-06-30,BAJFINANCE,982.05,1004.75,999.62,12445420,7184169.0,57.73
2026-07-01,BAJFINANCE,1004.75,1014.9,1013.47,6834299,3932638.0,57.54
2026-07-02,BAJFINANCE,1014.9,1018.4,1014.59,8168339,4485878.0,54.92
2026-07-03,BAJFINANCE,1018.4,1031.4,1031.74,9399193,4949305.0,52.66
2026-07-06,BAJFINANCE,1031.4,1029.1,1031.28,4819952,3257833.0,67.59
2026-07-07,BAJFINANCE,1029.1,1042.5,1038.89,9101171,5636490.0,61.93
2026-07-08,BAJFINANCE,1042.5,1010.4,1020.11,8313859,4956701.0,59.62
2026-07-09,BAJFINANCE,1010.4,1003.8,1004.01,11712515,7845943.0,66.99
2026-07-10,BAJFINANCE,1003.8,1020.5,1014.69,7039305,4650437.0,66.06
2026-07-13,BAJFINANCE,1020.5,1022.6,1017.82,4874070,2782114.0,57.08
2026-07-14,BAJFINANCE,1022.6,1006.6,1004.57,6458393,3051135.0,47.24
2026-07-15,BAJFINANCE,1006.6,1021.3,1024.62,5538356,3060623.0,55.26
2026-07-16,BAJFINANCE,1021.3,1037.6,1035.0,9079076,6598655.0,72.68
2026-07-17,BAJFINANCE,1037.6,1056.3,1050.86,12882360,9101992.0,70.65
2026-07-20,BAJFINANCE,1056.3,1064.0,1050.64,9348760,5703734.0,61.01
2026-07-21,BAJFINANCE,1064.0,1069.2,1068.41,6970658,4660828.0,66.86
2026-07-22,BAJFINANCE,1069.2,1060.3,1061.21,6757716,4929178.0,72.94
2026-07-23,BAJFINANCE,1060.3,1039.8,1047.21,8016651,5522921.0,68.89
2026-07-24,BAJFINANCE,1039.8,1012.8,1012.22,18416962,12366161.0,67.15
2026-07-27,BAJFINANCE,1012.8,1048.3,1042.28,7610916,4861021.0,63.87
2026-07-28,BAJFINANCE,1048.3,1048.4,1047.63,4726447,2674542.0,56.59
2026-07-29,BAJFINANCE,1048.4,1054.4,1056.62,6444368,4196260.0,65.12
2026-07-30,BAJFINANCE,1054.4,1053.5,1048.82,9866564,5177750.0,52.48
2026-07-31,BAJFINANCE,1053.5,1141.2,1123.5,40814590,23774041.0,58.25
2026-08-03,BAJFINANCE,1141.2,1153.0,1158.72,13758012,8201150.0,59.61
2026-08-03,BALAMINES,2133.3,2025.2,2072.33,368391,162930.0,44.23
2026-08-03,BALKRISIND,2473.5,2492.2,2487.73,541456,182672.0,33.74
2026-08-03,BALRAMCHIN,586.2,646.8,630.93,3161974,870394.0,27.53
2026-08-03,BALUFORGE,440.35,444.85,445.86,387655,192885.0,49.76
2026-08-03,BANCOINDIA,637.25,657.75,657.99,158594,73246.0,46.18
2026-08-03,BANDHANBNK,174.13,173.65,174.97,5621918,2691355.0,47.87
2026-08-03,BANKBARODA,242.6,247.25,246.77,8511143,4770016.0,56.04
2026-08-03,BANKINDIA,137.95,140.5,140.33,8509334,3749147.0,44.06
2026-08-03,BATAINDIA,696.15,709.65,708.94,600705,342856.0,57.08
2026-08-03,BAYERCROP,4234.4,4303.3,4296.85,27279,16051.0,58.84
2026-08-03,BBOX,755.5,753.7,769.19,509040,230998.0,45.38
2026-08-03,BBTC,1497.1,1537.2,1523.67,111484,56455.0,50.64
2026-08-03,BDL,1253.1,1265.0,1264.64,361236,119093.0,32.97
2026-08-03,BECTORFOOD,206.46,211.27,211.08,1052608,354742.0,33.7
2026-08-03,BEL,387.85,392.15,389.9,9389415,6113447.0,65.11
2026-08-03,BELRISE,236.73,241.86,242.28,5748763,2399450.0,41.74
2026-08-03,BEML,1750.4,1743.7,1748.29,149171,80300.0,53.83
2026-08-03,BERGEPAINT,520.45,526.55,527.93,389074,198344.0,50.98
2026-08-03,BHARATFORG,2199.8,2211.0,2207.7,596791,286058.0,47.93
2026-04-27,BHARTIARTL,1814.5,1820.1,1821.5,4413769,2997901.0,67.92
2026-04-28,BHARTIARTL,1820.1,1843.8,1838.21,10558455,6419592.0,60.8
2026-04-29,BHARTIARTL,1843.8,1888.1,1886.5,7713013,5033301.0,65.26
2026-04-30,BHARTIARTL,1888.1,1886.8,1883.45,12709188,7149659.0,56.26
2026-05-04,BHARTIARTL,1886.8,1827.1,1848.84,10707858,6810210.0,63.6
2026-05-05,BHARTIARTL,1827.1,1806.1,1815.14,11407461,4906337.0,43.01
2026-05-06,BHARTIARTL,1806.1,1833.7,1830.96,5507749,3238282.0,58.8
2026-05-07,BHARTIARTL,1833.7,1826.6,1829.48,7914845,4158165.0,52.54
2026-05-08,BHARTIARTL,1826.6,1834.5,1830.73,4839183,3282768.0,67.84
2026-05-11,BHARTIARTL,1834.5,1759.8,1770.35,15803791,11702245.0,74.05
2026-05-12,BHARTIARTL,1759.8,1756.8,1764.12,11945399,7275875.0,60.91
2026-05-13,BHARTIARTL,1756.8,1789.2,1781.16,9825413,5589248.0,56.89
2026-05-14,BHARTIARTL,1789.2,1883.5,1851.19,21279151,13334797.0,62.67
2026-05-15,BHARTIARTL,1883.5,1905.4,1906.29,15807294,11461610.0,72.51
2026-05-18,BHARTIARTL,1905.4,1938.1,1933.18,13888648,9909252.0,71.35
2026-05-19,BHARTIARTL,1938.1,1913.5,1918.68,8962228,4926333.0,54.97
2026-05-20,BHARTIARTL,1913.5,1904.9,1905.03,5778742,4339791.0,75.1
2026-05-21,BHARTIARTL,1904.9,1885.3,1896.55,6419014,3137474.0,48.88
2026-05-22,BHARTIARTL,1885.3,1871.4,1878.27,5099120,3592405.0,70.45
2026-05-25,BHARTIARTL,1871.4,1874.8,1874.79,5903841,4479053.0,75.87
2026-05-26,BHARTIARTL,1874.8,1846.9,1856.08,5803034,3713781.0,64.0
2026-05-27,BHARTIARTL,1846.9,1852.2,1854.29,8653155,4652921.0,53.77
2026-05-29,BHARTIARTL,1852.2,1829.0,1828.37,52886264,39726520.0,75.12
2026-06-01,BHARTIARTL,1829.0,1810.6,1815.12,6391656,2981777.0,46.65
2026-06-02,BHARTIARTL,1810.6,1814.2,1798.19,10791294,5460484.0,50.6
2026-06-03,BHARTIARTL,1814.2,1824.1,1819.25,5832363,3072264.0,52.68
2026-06-04,BHARTIARTL,1824.1,1818.9,1813.64,6735759,3026980.0,44.94
2026-06-05,BHARTIARTL,1818.9,1798.2,1802.56,3926715,2408305.0,61.33
2026-06-08,BHARTIARTL,1798.2,1813.3,1806.05,6324919,4318542.0,68.28
2026-06-09,BHARTIARTL,1813.3,1799.0,1804.44,10377475,5876724.0,56.63
2026-06-10,BHARTIARTL,1799.0,1775.2,1789.19,7999362,5324215.0,66.56
2026-06-11,BHARTIARTL,1775.2,1782.6,1785.83,5020731,2811287.0,55.99
2026-06-12,BHARTIARTL,1782.6,1822.5,1812.87,5910557,4356372.0,73.7
2026-06-15,BHARTIARTL,1822.5,1841.2,1836.55,5307277,3336804.0,62.87
2026-06-16,BHARTIARTL,1841.2,1853.0,1848.68,5957732,3539086.0,59.4
2026-06-17,BHARTIARTL,1853.0,1875.7,1863.74,7653632,5085363.0,66.44
2026-06-18,BHARTIARTL,1875.7,1874.8,1871.36,4262944,2474666.0,58.05
2026-06-19,BHARTIARTL,1874.8,1910.8,1905.73,15918432,12265384.0,77.05
2026-06-22,BHARTIARTL,1910.8,1916.6,1916.73,3798060,2608952.0,68.69
2026-06-23,BHARTIARTL,1916.6,1901.6,1910.16,5155908,3261236.0,63.25
2026-06-24,BHARTIARTL,1901.6,1877.3,1883.34,8957457,6276500.0,70.07
2026-06-25,BHARTIARTL,1877.3,1850.7,1861.08,8521503,5697330.0,66.86
2026-06-29,BHARTIARTL,1850.7,1841.1,1840.55,10940130,7456784.0,68.16
2026-06-30,BHARTIARTL,1841.1,1852.0,1859.54,7233634,3770320.0,52.12
2026-07-01,BHARTIARTL,1852.0,1871.0,1871.36,4307333,2722258.0,63.2
2026-07-02,BHARTIARTL,1871.0,1875.0,1863.8,5282404,2810445.0,53.2
2026-07-03,BHARTIARTL,1875.0,1910.4,1903.54,5087043,3347481.0,65.8
2026-07-06,BHARTIARTL,1910.4,1925.7,1924.95,2740217,1672203.0,61.02
2026-07-07,BHARTIARTL,1925.7,1925.8,1934.39,5767438,2932203.0,50.84
2026-07-08,BHARTIARTL,1925.8,1888.1,1898.57,6188780,3818428.0,61.7
2026-07-09,BHARTIARTL,1888.1,1931.1,1939.14,11145066,5987566.0,53.72
2026-07-10,BHARTIARTL,1931.1,1920.4,1916.53,6420887,4008410.0,62.43
2026-07-13,BHARTIARTL,1920.4,1901.8,1905.41,7862506,5253147.0,66.81
2026-07-14,BHARTIARTL,1901.8,1936.5,1930.8,6964062,3556050.0,51.06
2026-07-15,BHARTIARTL,1936.5,1918.3,1930.71,5763065,3671177.0,63.7
2026-07-16,BHARTIARTL,1918.3,1921.8,1925.92,4644787,2610210.0,56.2
2026-07-17,BHARTIARTL,1921.8,1908.8,1911.98,4715613,3246968.0,68.86
2026-07-20,BHARTIARTL,1908.8,1940.1,1934.32,6437294,4318958.0,67.09
2026-07-21,BHARTIARTL,1940.1,1948.4,1946.59,5061312,3555219.0,70.24
2026-07-22,BHARTIARTL,1948.4,1949.0,1946.15,6589708,5324348.0,80.8
2026-07-23,BHARTIARTL,1949.0,1931.0,1933.77,5612121,3787045.0,67.48
2026-07-24,BHARTIARTL,1931.0,1898.2,1890.45,4483600,2960112.0,66.02
2026-07-27,BHARTIARTL,1898.2,1905.3,1901.65,5230299,3777560.0,72.22
2026-07-28,BHARTIARTL,1905.3,1901.8,1899.58,6309089,4697323.0,74.45
2026-07-29,BHARTIARTL,1901.8,1950.2,1944.67,6315728,4180240.0,66.19
2026-07-30,BHARTIARTL,1950.2,1956.8,1953.24,5356472,3701167.0,69.1
2026-07-31,BHARTIARTL,1956.8,1972.0,1966.58,6529385,4794962.0,73.44
2026-08-03,BHARTIARTL,1972.0,1970.5,1957.25,4361200,2685029.0,61.57
2026-08-03,BHARTIHEXA,1607.5,1645.8,1643.63,68641,41227.0,60.06
2026-08-03,BHEL,407.0,411.15,410.56,5593016,2486874.0,44.46
2026-08-03,BIKAJI,641.65,650.0,650.83,86120,45371.0,52.68
2026-08-03,BIOCON,425.7,427.0,426.17,3389704,1926712.0,56.84
2026-08-03,BIRLACORPN,890.5,906.1,895.86,129029,65649.0,50.88
2026-08-03,BLACKBUCK,542.5,551.0,548.94,455290,99087.0,21.76
2026-08-03,BLS,239.4,250.75,247.46,1694645,913353.0,53.9
2026-08-03,BLUEDART,5160.3,5427.0,5522.91,601176,95446.0,15.88
2026-08-03,BLUEJET,626.25,589.5,603.74,6512064,1812000.0,27.83
2026-08-03,BLUESTARCO,1681.2,1729.2,1711.56,374036,194360.0,51.96
2026-08-03,BLUESTONE,816.2,802.7,808.53,5474663,548790.0,10.02
2026-08-03,BORORENEW,555.7,553.95,557.17,409223,248652.0,60.76
2026-08-03,BOSCHLTD,41085.0,41300.0,41341.45,14910,6451.0,43.27
2026-04-27,BPCL,308.1,312.65,312.02,5296412,2101431.0,39.68
2026-04-28,BPCL,312.65,307.75,308.04,14434171,9215576.0,63.85
2026-04-29,BPCL,307.75,303.9,306.45,16918034,10967938.0,64.83
2026-04-30,BPCL,303.9,300.45,299.33,13025294,7287097.0,55.95
2026-05-04,BPCL,300.45,301.7,303.16,9009471,5046843.0,56.02
2026-05-05,BPCL,301.7,298.5,297.32,12433693,6396352.0,51.44
2026-05-06,BPCL,298.5,314.05,309.01,16983058,8306014.0,48.91
2026-05-07,BPCL,314.05,307.6,308.79,17998452,7816750.0,43.43
2026-05-08,BPCL,307.6,302.75,303.5,11782486,6478166.0,54.98
2026-05-11,BPCL,302.75,294.45,296.25,10388130,5284841.0,50.87
2026-05-12,BPCL,294.45,287.85,289.4,10652991,6100959.0,57.27
2026-05-13,BPCL,287.85,297.1,294.84,12403055,5950660.0,47.98
2026-05-14,BPCL,297.1,295.0,294.96,11845204,6025777.0,50.87
2026-05-15,BPCL,295.0,284.45,286.48,14828416,7450546.0,50.25
2026-05-18,BPCL,284.45,280.8,280.09,8613476,4452189.0,51.69
2026-05-19,BPCL,280.8,286.45,287.01,6955573,3219443.0,46.29
2026-05-20,BPCL,286.45,293.75,289.18,10290169,3925514.0,38.15
2026-05-21,BPCL,293.75,296.4,296.74,10786772,5656940.0,52.44
2026-05-22,BPCL,296.4,295.6,294.94,5366953,2514260.0,46.85
2026-05-25,BPCL,295.6,308.25,307.01,14530864,6652771.0,45.78
2026-05-26,BPCL,308.25,304.6,304.51,8611871,4242251.0,49.26
2026-05-27,BPCL,304.6,307.15,305.91,5948761,3071527.0,51.63
2026-05-29,BPCL,307.15,298.1,299.96,26387806,17005553.0,64.44
2026-06-01,BPCL,298.1,296.85,298.23,7741307,4281510.0,55.31
2026-06-02,BPCL,296.85,294.4,294.17,8495475,5082634.0,59.83
2026-06-03,BPCL,294.4,292.1,292.1,6711789,3742504.0,55.76
2026-06-04,BPCL,292.1,295.15,294.26,8514225,5172853.0,60.76
2026-06-05,BPCL,295.15,295.0,294.0,5528678,2914088.0,52.71
2026-06-08,BPCL,295.0,285.15,288.08,5454197,2760086.0,50.6
2026-06-09,BPCL,285.15,289.1,287.93,5025923,2434962.0,48.45
2026-06-10,BPCL,289.1,288.0,288.29,6874985,4103587.0,59.69
2026-06-11,BPCL,288.0,286.35,284.68,12991146,7998563.0,61.57
2026-06-12,BPCL,286.35,302.35,297.52,11278769,4349834.0,38.57
2026-06-15,BPCL,302.35,310.6,311.52,15261091,8500378.0,55.7
2026-06-16,BPCL,310.6,312.1,311.69,8875346,5037422.0,56.76
2026-06-17,BPCL,312.1,317.95,317.95,14716072,8126572.0,55.22
2026-06-18,BPCL,317.95,316.3,317.39,7174272,4107317.0,57.25
2026-06-19,BPCL,316.3,306.6,307.74,11322845,7694654.0,67.96
2026-06-22,BPCL,306.6,308.6,308.67,5440551,2877730.0,52.89
2026-06-23,BPCL,308.6,308.55,309.8,6611723,3261713.0,49.33
2026-06-24,BPCL,308.55,315.7,313.02,7690718,3361794.0,43.71
2026-06-25,BPCL,315.7,309.75,313.75,9118712,5149889.0,56.48
2026-06-29,BPCL,309.75,300.8,301.87,11893768,6377568.0,53.62
2026-06-30,BPCL,300.8,303.55,302.82,4259519,2158347.0,50.67
2026-07-01,BPCL,303.55,304.2,303.37,4919350,2206084.0,44.85
2026-07-02,BPCL,304.2,310.45,310.74,7323630,2998106.0,40.94
2026-07-03,BPCL,310.45,308.15,308.88,3035350,986213.0,32.49
2026-07-06,BPCL,308.15,308.15,308.65,2818204,1272658.0,45.16
2026-07-07,BPCL,308.15,313.95,311.85,6889552,3387204.0,49.16
2026-07-08,BPCL,313.95,303.55,303.24,15951234,8582226.0,53.8
2026-07-09,BPCL,303.55,308.2,306.64,5543009,2545631.0,45.93
2026-07-10,BPCL,308.2,309.75,311.13,3799709,2015623.0,53.05
2026-07-13,BPCL,309.75,307.55,306.19,5543349,2846430.0,51.35
2026-07-14,BPCL,307.55,305.35,304.47,9995741,5395921.0,53.98
2026-07-15,BPCL,305.35,309.6,309.52,9056446,5266844.0,58.16
2026-07-16,BPCL,309.6,312.0,314.7,7899255,3116237.0,39.45
2026-07-17,BPCL,312.0,315.55,314.01,5658733,3190487.0,56.38
2026-07-20,BPCL,315.55,317.6,315.23,11702075,5912079.0,50.52
2026-07-21,BPCL,317.6,319.35,319.2,6264859,3449993.0,55.07
2026-07-22,BPCL,319.35,314.0,316.51,9784696,4180672.0,42.73
2026-07-23,BPCL,314.0,309.85,313.02,11432842,5410682.0,47.33
2026-07-24,BPCL,309.85,310.15,309.16,5796307,2760902.0,47.63
2026-07-27,BPCL,310.15,316.25,315.84,5954256,3081614.0,51.75
2026-07-28,BPCL,316.25,320.05,319.73,5455392,3015949.0,55.28
2026-07-29,BPCL,320.05,317.4,317.97,5132678,2982874.0,58.12
2026-07-30,BPCL,317.4,315.8,315.5,6601344,3802320.0,57.6
2026-07-31,BPCL,315.8,319.75,318.25,5111067,2991149.0,58.52
2026-08-03,BPCL,319.75,329.95,324.63,5844038,2970314.0,50.83
2026-08-03,BRIGADE,580.2,583.65,583.21,430693,253888.0,58.95
2026-04-27,BRITANNIA,5730.5,5717.5,5734.13,658091,444095.0,67.48
2026-04-28,BRITANNIA,5717.5,5662.0,5670.78,249233,145626.0,58.43
2026-04-29,BRITANNIA,5662.0,5709.0,5696.58,363567,225523.0,62.03
2026-04-30,BRITANNIA,5709.0,5726.0,5704.54,269033,136455.0,50.72
2026-05-04,BRITANNIA,5726.0,5792.5,5775.02,328011,177925.0,54.24
2026-05-05,BRITANNIA,5792.5,5834.5,5791.08,710839,477603.0,67.19
2026-05-06,BRITANNIA,5834.5,5783.0,5793.89,438886,258719.0,58.95
2026-05-07,BRITANNIA,5783.0,5814.0,5794.65,490345,205067.0,41.82
2026-05-08,BRITANNIA,5814.0,5520.0,5552.97,3173832,1742561.0,54.9
2026-05-11,BRITANNIA,5520.0,5410.5,5423.21,668220,412296.0,61.7
2026-05-12,BRITANNIA,5410.5,5334.0,5346.62,655043,446412.0,68.15
2026-05-13,BRITANNIA,5334.0,5336.0,5346.55,405228,230448.0,56.87
2026-05-14,BRITANNIA,5336.0,5372.5,5366.52,340218,215081.0,63.22
2026-05-15,BRITANNIA,5372.5,5406.0,5400.85,151714,85550.0,56.39
2026-05-18,BRITANNIA,5406.0,5380.5,5358.17,374914,255029.0,68.02
2026-05-19,BRITANNIA,5380.5,5416.5,5425.96,271643,165370.0,60.88
2026-05-20,BRITANNIA,5416.5,5344.5,5344.03,462006,331017.0,71.65
2026-05-21,BRITANNIA,5344.5,5333.0,5341.34,485793,350137.0,72.08
2026-05-22,BRITANNIA,5333.0,5331.5,5323.73,498183,344367.0,69.12
2026-05-25,BRITANNIA,5331.5,5327.0,5328.69,284971,179883.0,63.12
2026-05-26,BRITANNIA,5327.0,5338.0,5328.28,193734,105810.0,54.62
2026-05-27,BRITANNIA,5338.0,5335.5,5325.72,195454,101085.0,51.72
2026-05-29,BRITANNIA,5335.5,5204.5,5229.1,1697949,1230606.0,72.48
2026-06-01,BRITANNIA,5204.5,5157.5,5183.58,341856,207150.0,60.6
2026-06-02,BRITANNIA,5157.5,5117.0,5111.19,458858,327604.0,71.4
2026-06-03,BRITANNIA,5117.0,5064.0,5068.52,334445,222056.0,66.4
2026-06-04,BRITANNIA,5064.0,5090.0,5086.42,300651,165364.0,55.0
2026-06-05,BRITANNIA,5090.0,5120.5,5105.2,159398,98589.0,61.85
2026-06-08,BRITANNIA,5120.5,5078.5,5069.33,247859,130701.0,52.73
2026-06-09,BRITANNIA,5078.5,5107.5,5085.56,277222,214842.0,77.5
2026-06-10,BRITANNIA,5107.5,5171.0,5192.03,322498,151309.0,46.92
2026-06-11,BRITANNIA,5171.0,5113.0,5140.35,295275,192464.0,65.18
2026-06-12,BRITANNIA,5113.0,5165.5,5151.75,242017,134263.0,55.48
2026-06-15,BRITANNIA,5165.5,5199.5,5208.21,226798,111283.0,49.07
2026-06-16,BRITANNIA,5199.5,5217.5,5203.98,195644,122420.0,62.57
2026-06-17,BRITANNIA,5217.5,5232.0,5217.95,270826,174349.0,64.38
2026-06-18,BRITANNIA,5232.0,5245.0,5223.33,391567,245562.0,62.71
2026-06-19,BRITANNIA,5245.0,5195.0,5198.08,273184,179166.0,65.58
2026-06-22,BRITANNIA,5195.0,5217.5,5209.81,261961,177944.0,67.93
2026-06-23,BRITANNIA,5217.5,5241.0,5242.9,220646,131357.0,59.53
2026-06-24,BRITANNIA,5241.0,5262.5,5261.81,286835,179313.0,62.51
2026-06-25,BRITANNIA,5262.5,5237.0,5246.21,193478,106224.0,54.9
2026-06-29,BRITANNIA,5237.0,5102.0,5133.26,472081,298939.0,63.32
2026-06-30,BRITANNIA,5102.0,5146.5,5141.92,326609,199996.0,61.23
2026-07-01,BRITANNIA,5146.5,5262.0,5212.85,475937,268214.0,56.35
2026-07-02,BRITANNIA,5262.0,5374.0,5352.04,374142,211863.0,56.63
2026-07-03,BRITANNIA,5374.0,5379.0,5399.14,226125,112838.0,49.9
2026-07-06,BRITANNIA,5379.0,5454.5,5437.45,180876,118263.0,65.38
2026-07-07,BRITANNIA,5454.5,5447.0,5444.41,109487,58237.0,53.19
2026-07-08,BRITANNIA,5447.0,5315.5,5356.38,233635,139318.0,59.63
2026-07-09,BRITANNIA,5315.5,5361.5,5366.31,174108,99513.0,57.16
2026-07-10,BRITANNIA,5361.5,5353.0,5361.93,143224,80659.0,56.32
2026-07-13,BRITANNIA,5353.0,5348.5,5346.76,132632,85611.0,64.55
2026-07-14,BRITANNIA,5348.5,5283.5,5288.17,326899,181923.0,55.65
2026-07-15,BRITANNIA,5283.5,5315.5,5310.97,208524,112449.0,53.93
2026-07-16,BRITANNIA,5315.5,5310.5,5323.46,219782,129315.0,58.84
2026-07-17,BRITANNIA,5310.5,5412.5,5373.04,199477,101262.0,50.76
2026-07-20,BRITANNIA,5412.5,5470.0,5461.49,227434,126542.0,55.64
2026-07-21,BRITANNIA,5470.0,5482.0,5472.51,158603,96092.0,60.59
2026-07-22,BRITANNIA,5482.0,5485.5,5485.84,156506,90907.0,58.09
2026-07-23,BRITANNIA,5485.5,5388.0,5426.95,284275,147610.0,51.93
2026-07-24,BRITANNIA,5388.0,5379.5,5375.84,208047,96599.0,46.43
2026-07-27,BRITANNIA,5379.5,5384.5,5380.38,238867,131701.0,55.14
2026-07-28,BRITANNIA,5384.5,5478.5,5456.85,340199,165684.0,48.7
2026-07-29,BRITANNIA,5478.5,5517.5,5546.51,356551,183021.0,51.33
2026-07-30,BRITANNIA,5517.5,5524.5,5531.04,258715,145836.0,56.37
2026-07-31,BRITANNIA,5524.5,5416.5,5404.26,428290,251042.0,58.61
2026-08-03,BRITANNIA,5416.5,5531.0,5451.85,201410,126928.0,63.02
2026-08-03,BSE,3646.2,3575.0,3614.77,3750195,2061286.0,54.96
2026-08-03,BSOFT,302.4,321.5,317.2,3371518,1538441.0,45.63
2026-08-03,CAMPUS,222.35,223.2,223.62,553988,256906.0,46.37
2026-08-03,CAMS,796.15,791.0,803.61,1922245,514153.0,26.75
2026-08-03,CANBK,124.98,127.1,126.92,18180646,9870583.0,54.29
2026-08-03,CANFINHOME,820.6,817.0,816.67,287473,208348.0,72.48
2026-08-03,CANHLIFE,146.45,150.92,150.43,1146685,797782.0,69.57
2026-08-03,CAPILLARY,497.35,495.55,495.79,61368,31241.0,50.91
2026-08-03,CAPLIPOINT,2516.8,2566.1,2555.54,55647,25963.0,46.66
2026-08-03,CARBORUNIV,1063.8,1095.5,1086.13,199525,97514.0,48.87
2026-08-03,CARTRADE,2719.6,2803.3,2801.2,352049,134657.0,38.25
2026-08-03,CASTROLIND,185.21,185.84,186.06,1264598,794791.0,62.85
2026-08-03,CCAVENUE,15.85,17.43,17.18,95564917,42051270.0,44.0
2026-08-03,CCL,1155.3,1152.4,1167.68,182159,114772.0,63.01
2026-08-03,CDSL,1333.0,1322.2,1338.79,2784297,1285749.0,46.18
2026-08-03,CEATLTD,3429.9,3542.5,3529.03,152999,75886.0,49.6
2026-08-03,CELLO,343.3,345.55,346.17,182632,112264.0,61.47
2026-08-03,CEMPRO,1367.8,1363.3,1353.64,439717,253242.0,57.59
2026-08-03,CENTRALBK,30.97,31.46,31.41,6387087,3297091.0,51.62
2026-08-03,CENTURYPLY,799.5,772.8,797.81,358636,160297.0,44.7
2026-08-03,CERA,6126.0,6280.5,6228.48,6740,3408.0,50.56
2026-08-03,CESC,165.57,165.98,166.27,901195,354858.0,39.38
2026-08-03,CGCL,232.38,227.47,230.7,2461491,986610.0,40.08
2026-08-03,CGPOWER,863.4,826.1,857.4,4042469,2342349.0,57.94
2026-08-03,CHALET,811.4,821.5,820.23,69654,35686.0,51.23
2026-08-03,CHAMBLFERT,438.9,455.0,451.97,882614,429949.0,48.71
2026-08-03,CHENNPETRO,1260.6,1325.5,1319.16,3024039,962463.0,31.83
2026-08-03,CHOICEIN,822.95,828.1,830.24,550388,179870.0,32.68
2026-08-03,CHOLAFIN,1849.9,1888.2,1888.28,2277492,1142753.0,50.18
2026-08-03,CHOLAHLDNG,1534.2,1574.6,1571.14,291653,178987.0,61.37
2026-08-03,CIEINDIA,408.6,419.65,418.24,467187,286396.0,61.3
2026-04-27,CIPLA,1295.0,1317.2,1313.77,1721187,867049.0,50.38
2026-04-28,CIPLA,1317.2,1306.5,1310.19,1501522,668081.0,44.49
2026-04-29,CIPLA,1306.5,1317.6,1317.27,986556,629424.0,63.8
2026-04-30,CIPLA,1317.6,1309.6,1314.59,1370336,808689.0,59.01
2026-05-04,CIPLA,1309.6,1335.0,1330.03,1088765,608368.0,55.88
2026-05-05,CIPLA,1335.0,1333.7,1327.6,1051020,492449.0,46.85
2026-05-06,CIPLA,1333.7,1364.4,1358.98,1854812,1008171.0,54.35
2026-05-07,CIPLA,1364.4,1362.3,1369.37,1248019,788226.0,63.16
2026-05-08,CIPLA,1362.3,1347.0,1350.12,1044824,534463.0,51.15
2026-05-11,CIPLA,1347.0,1304.9,1317.63,1428197,639640.0,44.79
2026-05-12,CIPLA,1304.9,1292.3,1299.06,1398439,743387.0,53.16
2026-05-13,CIPLA,1292.3,1327.6,1321.23,6015153,1251360.0,20.8
2026-05-14,CIPLA,1327.6,1436.7,1419.87,9166941,2723679.0,29.71
2026-05-15,CIPLA,1436.7,1432.1,1435.01,1138894,344456.0,30.24
2026-05-18,CIPLA,1432.1,1426.2,1426.54,2013605,1062468.0,52.76
2026-05-19,CIPLA,1426.2,1409.8,1417.18,1379218,868809.0,62.99
2026-05-20,CIPLA,1409.8,1399.5,1409.21,1316586,650216.0,49.39
2026-05-21,CIPLA,1399.5,1401.9,1405.41,1145360,699312.0,61.06
2026-05-22,CIPLA,1401.9,1399.2,1400.56,917323,610136.0,66.51
2026-05-25,CIPLA,1399.2,1413.9,1407.71,668915,345867.0,51.71
2026-05-26,CIPLA,1413.9,1417.5,1416.44,1132793,728066.0,64.27
2026-05-27,CIPLA,1417.5,1418.2,1423.03,937447,577194.0,61.57
2026-05-29,CIPLA,1418.2,1401.0,1403.94,9540984,6976077.0,73.12
2026-06-01,CIPLA,1401.0,1390.3,1397.43,714608,351740.0,49.22
2026-06-02,CIPLA,1390.3,1379.3,1372.83,2290839,1477659.0,64.5
2026-06-03,CIPLA,1379.3,1375.2,1375.66,1520395,976283.0,64.21
2026-06-04,CIPLA,1375.2,1398.7,1386.37,1548692,857719.0,55.38
2026-06-05,CIPLA,1398.7,1401.3,1396.23,1050391,601494.0,57.26
2026-06-08,CIPLA,1401.3,1387.9,1392.81,669481,213227.0,31.85
2026-06-09,CIPLA,1387.9,1376.5,1383.19,1419845,890650.0,62.73
2026-06-10,CIPLA,1376.5,1377.0,1381.04,962642,528419.0,54.89
2026-06-11,CIPLA,1377.0,1383.3,1384.37,654474,281709.0,43.04
2026-06-12,CIPLA,1383.3,1389.4,1389.92,805612,470750.0,58.43
2026-06-15,CIPLA,1389.4,1381.3,1381.25,1687655,994535.0,58.93
2026-06-16,CIPLA,1381.3,1373.2,1379.04,613961,320772.0,52.25
2026-06-17,CIPLA,1373.2,1350.8,1350.76,2014168,1209811.0,60.07
2026-06-18,CIPLA,1350.8,1355.5,1354.6,908719,579276.0,63.75
2026-06-19,CIPLA,1355.5,1351.8,1352.89,1476650,1018306.0,68.96
2026-06-22,CIPLA,1351.8,1415.7,1403.87,3368853,960746.0,28.52
2026-06-23,CIPLA,1415.7,1433.1,1445.13,4958067,2095786.0,42.27
2026-06-24,CIPLA,1433.1,1437.9,1439.82,2145293,1092155.0,50.91
2026-06-25,CIPLA,1437.9,1440.1,1443.76,1217683,698125.0,57.33
2026-06-29,CIPLA,1440.1,1454.1,1468.86,4162869,1995271.0,47.93
2026-06-30,CIPLA,1454.1,1465.4,1466.3,2818077,1727700.0,61.31
2026-07-01,CIPLA,1465.4,1456.7,1456.98,753439,375923.0,49.89
2026-07-02,CIPLA,1456.7,1456.0,1458.97,731416,424679.0,58.06
2026-07-03,CIPLA,1456.0,1458.2,1461.3,1261674,756237.0,59.94
2026-07-06,CIPLA,1458.2,1472.3,1467.11,769917,513059.0,66.64
2026-07-07,CIPLA,1472.3,1451.8,1464.21,1164880,643604.0,55.25
2026-07-08,CIPLA,1451.8,1431.8,1449.01,1163676,528193.0,45.39
2026-07-09,CIPLA,1431.8,1441.3,1444.69,947375,480050.0,50.67
2026-07-10,CIPLA,1441.3,1439.4,1443.42,745842,373815.0,50.12
2026-07-13,CIPLA,1439.4,1426.7,1427.73,844670,526490.0,62.33
2026-07-14,CIPLA,1426.7,1438.1,1445.26,1221695,451463.0,36.95
2026-07-15,CIPLA,1438.1,1438.0,1443.58,924453,505806.0,54.71
2026-07-16,CIPLA,1438.0,1429.5,1434.76,568731,359922.0,63.29
2026-07-17,CIPLA,1429.5,1418.7,1415.61,607055,298497.0,49.17
2026-07-20,CIPLA,1418.7,1441.6,1449.06,1494196,623380.0,41.72
2026-07-21,CIPLA,1441.6,1432.5,1431.17,1341452,754910.0,56.28
2026-07-22,CIPLA,1432.5,1415.1,1410.15,1722239,1011152.0,58.71
2026-07-23,CIPLA,1415.1,1393.0,1393.14,4248433,1418712.0,33.39
2026-07-24,CIPLA,1393.0,1410.6,1423.95,2917791,1106733.0,37.93
2026-07-27,CIPLA,1410.6,1409.4,1407.14,1162030,542978.0,46.73
2026-07-28,CIPLA,1409.4,1444.6,1439.41,1621735,816060.0,50.32
2026-07-29,CIPLA,1444.6,1474.3,1473.72,2192262,1209150.0,55.16
2026-07-30,CIPLA,1474.3,1466.4,1472.51,833068,478021.0,57.38
2026-07-31,CIPLA,1466.4,1473.2,1472.94,1223370,803703.0,65.7
2026-08-03,CIPLA,1473.2,1474.4,1466.67,811745,394623.0,48.61
2026-08-03,CLEAN,734.05,764.15,762.43,3558094,868684.0,24.41
2026-08-03,CMSINFO,263.7,275.4,274.66,1312567,856210.0,65.23
2026-04-27,COALINDIA,456.0,452.5,453.84,6922067,2845147.0,41.1
2026-04-28,COALINDIA,452.5,467.0,468.42,26732373,8586432.0,32.12
2026-04-29,COALINDIA,467.0,479.9,479.37,18063862,7035454.0,38.95
2026-04-30,COALINDIA,479.9,481.45,483.92,16935052,6842129.0,40.4
2026-05-04,COALINDIA,481.45,479.95,481.48,7757497,4423275.0,57.02
2026-05-05,COALINDIA,479.95,472.6,473.39,6946902,3398345.0,48.92
2026-05-06,COALINDIA,472.6,470.2,472.25,8596697,5500989.0,63.99
2026-05-07,COALINDIA,470.2,466.65,465.01,24264105,11181187.0,46.08
2026-05-08,COALINDIA,466.65,456.4,457.84,15767759,9080824.0,57.59
2026-05-11,COALINDIA,456.4,464.45,461.62,6258261,2080772.0,33.25
2026-05-12,COALINDIA,464.45,463.05,465.13,6464174,2190366.0,33.88
2026-05-13,COALINDIA,463.05,462.25,465.45,12091924,5613427.0,46.42
2026-05-14,COALINDIA,462.25,454.05,461.7,11408675,4635091.0,40.63
2026-05-15,COALINDIA,454.05,462.2,464.01,7859575,1872361.0,23.82
2026-05-18,COALINDIA,462.2,462.1,463.56,7735499,2124174.0,27.46
2026-05-19,COALINDIA,462.1,456.95,456.84,7319865,3096541.0,42.3
2026-05-20,COALINDIA,456.95,458.7,457.57,3756072,1511437.0,40.24
2026-05-21,COALINDIA,458.7,460.2,461.42,7425043,4180147.0,56.3
2026-05-22,COALINDIA,460.2,456.55,457.41,9201635,5761887.0,62.62
2026-05-25,COALINDIA,456.55,458.0,458.78,8441223,4872934.0,57.73
2026-05-26,COALINDIA,458.0,458.15,466.45,17073323,4805149.0,28.14
2026-05-27,COALINDIA,458.15,463.05,450.67,117042535,45394984.0,38.79
2026-05-29,COALINDIA,463.05,457.9,462.32,97895486,59080308.0,60.35
2026-06-01,COALINDIA,457.9,472.6,468.52,47716517,25952558.0,54.39
2026-06-02,COALINDIA,472.6,472.15,470.6,24933269,14145846.0,56.73
2026-06-03,COALINDIA,472.15,472.3,472.17,15291450,7192934.0,47.04
2026-06-04,COALINDIA,472.3,481.65,480.18,16059802,8319851.0,51.81
2026-06-05,COALINDIA,481.65,472.3,473.8,9592529,4733156.0,49.34
2026-06-08,COALINDIA,472.3,464.9,466.66,10074583,5839930.0,57.97
2026-06-09,COALINDIA,464.9,466.9,464.01,10972434,6136697.0,55.93
2026-06-10,COALINDIA,466.9,451.0,457.9,8127902,4778491.0,58.79
2026-06-11,COALINDIA,451.0,446.2,447.49,6034733,3480710.0,57.68
2026-06-12,COALINDIA,446.2,443.5,443.18,9946830,5616347.0,56.46
2026-06-15,COALINDIA,443.5,444.05,443.94,10056872,5352777.0,53.23
2026-06-16,COALINDIA,444.05,450.95,449.71,7262608,3294508.0,45.36
2026-06-17,COALINDIA,450.95,455.75,455.55,9064734,4438210.0,48.96
2026-06-18,COALINDIA,455.75,452.0,452.49,5364436,3394498.0,63.28
2026-06-19,COALINDIA,452.0,451.3,450.9,6128782,3702519.0,60.41
2026-06-22,COALINDIA,451.3,449.0,450.17,3738644,2129734.0,56.97
2026-06-23,COALINDIA,449.0,444.35,446.41,3512212,2143005.0,61.02
2026-06-24,COALINDIA,444.35,441.75,443.58,4169224,2523548.0,60.53
2026-06-25,COALINDIA,441.75,435.4,434.76,7046971,3988420.0,56.6
2026-06-29,COALINDIA,435.4,444.85,443.46,21400224,14968027.0,69.94
2026-06-30,COALINDIA,444.85,439.05,440.56,4363382,2175267.0,49.85
2026-07-01,COALINDIA,439.05,434.75,435.71,3391210,1673418.0,49.35
2026-07-02,COALINDIA,434.75,438.9,436.2,4941315,2292981.0,46.4
2026-07-03,COALINDIA,438.9,438.7,440.63,4283263,2185732.0,51.03
2026-07-06,COALINDIA,438.7,432.35,435.3,5464728,3559269.0,65.13
2026-07-07,COALINDIA,432.35,428.95,428.17,5315215,3013442.0,56.69
2026-07-08,COALINDIA,428.95,429.05,429.05,3686631,1500621.0,40.7
2026-07-09,COALINDIA,429.05,429.9,432.21,2855525,1101060.0,38.56
2026-07-10,COALINDIA,429.9,429.3,428.96,4872051,2882384.0,59.16
2026-07-13,COALINDIA,429.3,430.2,428.04,5650932,3328651.0,58.9
2026-07-14,COALINDIA,430.2,430.6,432.47,6155516,2687176.0,43.65
2026-07-15,COALINDIA,430.6,427.55,427.95,5624520,3414253.0,60.7
2026-07-16,COALINDIA,427.55,427.35,427.98,4570655,2599926.0,56.88
2026-07-17,COALINDIA,427.35,427.65,426.9,4142036,2218266.0,53.55
2026-07-20,COALINDIA,427.65,429.4,430.15,5363624,3638775.0,67.84
2026-07-21,COALINDIA,429.4,431.25,431.52,4612497,2750788.0,59.64
2026-07-22,COALINDIA,431.25,428.4,428.92,5625202,3266312.0,58.07
2026-07-23,COALINDIA,428.4,427.05,426.56,6064005,3706178.0,61.12
2026-07-24,COALINDIA,427.05,427.4,426.62,5403125,2941323.0,54.44
2026-07-27,COALINDIA,427.4,427.5,429.17,5241433,3099204.0,59.13
2026-07-28,COALINDIA,427.5,410.15,412.79,14222229,6961527.0,48.95
2026-07-29,COALINDIA,410.15,410.05,410.19,9914444,6359369.0,64.14
2026-07-30,COALINDIA,410.05,417.2,415.1,23225454,15559147.0,66.99
2026-07-31,COALINDIA,417.2,414.15,413.41,5938134,3941573.0,66.38
2026-08-03,COALINDIA,414.15,416.0,414.44,5371911,3476302.0,64.71
2026-08-03,COCHINSHIP,1423.0,1441.9,1440.88,919243,437979.0,47.65
2026-08-03,COFORGE,1721.0,1768.0,1746.03,2365023,1108155.0,46.86
2026-08-03,COHANCE,425.05,425.35,428.63,312974,157041.0,50.18
2026-08-03,COLPAL,2076.1,2077.0,2075.87,515125,292786.0,56.84
2026-08-03,CONCOR,525.5,525.0,525.7,1928428,971114.0,50.36
2026-08-03,CONCORDBIO,1420.8,1414.6,1418.2,402980,168692.0,41.86
2026-08-03,COROMANDEL,2073.6,2115.3,2104.75,184125,115395.0,62.67
2026-08-03,CORONA,2098.8,2105.7,2114.99,115041,42196.0,36.68
2026-08-03,CPPLUS,3391.0,3428.7,3448.86,164705,72878.0,44.25
2026-08-03,CRAFTSMAN,9873.5,10338.5,10267.38,85274,35369.0,41.48
2026-08-03,CRAMC,261.27,261.2,262.61,358624,199548.0,55.64
2026-08-03,CREDITACC,1592.8,1558.2,1558.94,290154,140141.0,48.3
2026-08-03,CRISIL,4359.8,4424.9,4413.13,53732,32148.0,59.83
2026-08-03,CRIZAC,195.13,195.88,195.53,2333300,497878.0,21.34
2026-08-03,CROMPTON,260.2,266.3,265.91,1873396,651093.0,34.75
2026-08-03,CSBBANK,329.9,332.8,332.69,211279,119874.0,56.74
2026-08-03,CUB,206.5,204.65,206.51,2349845,1239084.0,52.73
2026-08-03,CUMMINSIND,5519.0,5550.0,5515.95,146209,75586.0,51.7
2026-08-03,CUPID,230.62,230.95,232.22,11488664,3865889.0,33.65
2026-08-03,CYIENT,847.7,858.55,859.55,309567,200280.0,64.7
2026-08-03,DABUR,421.45,425.8,424.15,1969475,1114397.0,56.58
2026-08-03,DALBHARAT,1799.7,1844.6,1829.44,226772,66237.0,29.21
2026-08-03,DATAMATICS,832.05,824.95,827.37,58143,29528.0,50.79
2026-04-27,DATAPATTNS,4077.7,3960.1,4045.41,1560665,350091.0,22.43
2026-04-28,DATAPATTNS,3960.1,4059.9,4091.57,1311746,262894.0,20.04
2026-04-29,DATAPATTNS,4059.9,4118.1,4160.27,1814621,298892.0,16.47
2026-04-30,DATAPATTNS,4118.1,4081.7,4099.05,1057980,183252.0,17.32
2026-05-04,DATAPATTNS,4081.7,4093.2,4014.48,1079561,191432.0,17.73
2026-05-05,DATAPATTNS,4093.2,4219.9,4195.53,1523726,280083.0,18.38
2026-05-06,DATAPATTNS,4219.9,4171.5,4209.87,1020044,269837.0,26.45
2026-05-07,DATAPATTNS,4171.5,4250.1,4240.7,716006,183587.0,25.64
2026-05-08,DATAPATTNS,4250.1,4103.4,4148.9,814195,268514.0,32.98
2026-05-11,DATAPATTNS,4103.4,4142.0,4127.13,654209,131069.0,20.03
2026-05-12,DATAPATTNS,4142.0,4062.5,4076.8,544891,152770.0,28.04
2026-05-13,DATAPATTNS,4062.5,4196.2,4169.01,835377,216683.0,25.94
2026-05-14,DATAPATTNS,4196.2,4010.5,4041.52,1164041,425839.0,36.58
2026-05-15,DATAPATTNS,4010.5,3876.5,3760.38,3470053,594769.0,17.14
2026-05-18,DATAPATTNS,3876.5,3752.2,3760.24,1071054,252251.0,23.55
2026-05-19,DATAPATTNS,3752.2,3634.5,3699.32,819880,235753.0,28.75
2026-05-20,DATAPATTNS,3634.5,3834.1,3778.79,1356724,211177.0,15.57
2026-05-21,DATAPATTNS,3834.1,3934.5,3941.89,983950,171645.0,17.44
2026-05-22,DATAPATTNS,3934.5,3969.7,4011.35,1026747,164466.0,16.02
2026-05-25,DATAPATTNS,3969.7,4096.0,4092.81,1081059,276838.0,25.61
2026-05-26,DATAPATTNS,4096.0,4101.7,4116.51,556839,135559.0,24.34
2026-05-27,DATAPATTNS,4101.7,4139.2,4151.4,636187,152207.0,23.92
2026-05-29,DATAPATTNS,4139.2,4043.1,4160.17,995093,254099.0,25.54
2026-06-01,DATAPATTNS,4043.1,3839.9,3911.97,855053,272910.0,31.92
2026-06-02,DATAPATTNS,3839.9,4025.2,3947.84,775621,155250.0,20.02
2026-06-03,DATAPATTNS,4025.2,3990.4,3998.03,478696,92041.0,19.23
2026-06-04,DATAPATTNS,3990.4,4192.4,4167.82,1257638,309667.0,24.62
2026-06-05,DATAPATTNS,4192.4,4212.6,4239.32,1177096,204694.0,17.39
2026-06-08,DATAPATTNS,4212.6,4141.3,4183.7,880368,175875.0,19.98
2026-06-09,DATAPATTNS,4141.3,4558.5,4434.19,4127623,658925.0,15.96
2026-06-10,DATAPATTNS,4558.5,4353.8,4461.54,2525116,460050.0,18.22
2026-06-11,DATAPATTNS,4353.8,4205.0,4272.74,1465894,276037.0,18.83
2026-06-12,DATAPATTNS,4205.0,4545.7,4465.82,2698671,474234.0,17.57
2026-06-15,DATAPATTNS,4545.7,4425.5,4436.22,1568503,324651.0,20.7
2026-06-16,DATAPATTNS,4425.5,4477.3,4463.8,860440,157605.0,18.32
2026-06-17,DATAPATTNS,4477.3,4769.6,4655.84,2233651,393350.0,17.61
2026-06-18,DATAPATTNS,4769.6,4802.1,4798.62,1614207,224333.0,13.9
2026-06-19,DATAPATTNS,4802.1,4822.1,4854.26,1560709,263828.0,16.9
2026-06-22,DATAPATTNS,4822.1,4866.2,4872.88,884251,178917.0,20.23
2026-06-23,DATAPATTNS,4866.2,4831.0,4826.62,917948,228004.0,24.84
2026-06-24,DATAPATTNS,4831.0,4620.1,4735.51,918351,232529.0,25.32
2026-06-25,DATAPATTNS,4620.1,4506.6,4551.85,699655,159607.0,22.81
2026-06-29,DATAPATTNS,4506.6,4472.1,4455.27,801221,213044.0,26.59
2026-06-30,DATAPATTNS,4472.1,4501.8,4484.75,577539,120301.0,20.83
2026-07-01,DATAPATTNS,4501.8,4533.5,4561.5,792198,198458.0,25.05
2026-07-02,DATAPATTNS,4533.5,4656.7,4633.81,856125,204497.0,23.89
2026-07-03,DATAPATTNS,4656.7,4507.0,4573.87,604282,184031.0,30.45
2026-07-06,DATAPATTNS,4507.0,4615.5,4609.02,901406,139290.0,15.45
2026-07-07,DATAPATTNS,4615.5,4396.9,4458.51,706272,241568.0,34.2
2026-07-08,DATAPATTNS,4396.9,4290.3,4395.15,789794,172669.0,21.86
2026-07-09,DATAPATTNS,4290.3,4284.0,4306.24,538979,118849.0,22.05
2026-07-10,DATAPATTNS,4284.0,4343.0,4294.85,478128,118665.0,24.82
2026-07-13,DATAPATTNS,4343.0,4270.3,4284.94,376266,111537.0,29.64
2026-07-14,DATAPATTNS,4270.3,4214.5,4197.33,460480,147861.0,32.11
2026-07-15,DATAPATTNS,4214.5,4189.7,4217.52,363126,90515.0,24.93
2026-07-16,DATAPATTNS,4189.7,4142.4,4139.27,363880,111109.0,30.53
2026-07-17,DATAPATTNS,4142.4,4085.8,4117.83,397739,96692.0,24.31
2026-07-20,DATAPATTNS,4085.8,3990.7,4040.57,599371,222780.0,37.17
2026-07-21,DATAPATTNS,3990.7,4243.9,4110.29,1176291,281345.0,23.92
2026-07-22,DATAPATTNS,4243.9,4782.8,4636.64,6972637,939331.0,13.47
2026-07-23,DATAPATTNS,4782.8,4597.5,4657.04,1327457,276403.0,20.82
2026-07-24,DATAPATTNS,4597.5,4584.5,4547.77,1344404,188602.0,14.03
2026-07-27,DATAPATTNS,4584.5,4578.9,4613.78,657193,116177.0,17.68
2026-07-28,DATAPATTNS,4578.9,4381.7,4380.85,901719,228225.0,25.31
2026-07-29,DATAPATTNS,4381.7,4436.6,4403.53,691607,124043.0,17.94
2026-07-30,DATAPATTNS,4436.6,4462.0,4435.55,502693,107648.0,21.41
2026-07-31,DATAPATTNS,4462.0,4281.0,4249.58,1921056,367417.0,19.13
2026-08-03,DATAPATTNS,4281.0,4428.8,4355.94,1046196,205201.0,19.61
2026-08-03,DBL,429.2,444.35,451.8,1336317,304964.0,22.82
2026-08-03,DCBBANK,186.09,191.09,190.92,801482,382068.0,47.67
2026-08-03,DCMSHRIRAM,1033.9,1029.8,1034.0,134290,63219.0,47.08
2026-08-03,DEEPAKFERT,1552.8,1576.0,1576.51,297790,117370.0,39.41
2026-08-03,DEEPAKNTR,1662.2,1713.8,1700.34,179743,91634.0,50.98
2026-08-03,DELHIVERY,481.95,470.0,476.41,3336754,1221351.0,36.6
2026-08-03,DEVYANI,114.18,116.76,115.62,2504773,1104317.0,44.09
2026-08-03,DIACABS,323.97,322.85,323.16,3140560,1732921.0,55.18
2026-04-27,DIVISLAB,6361.5,6477.0,6466.09,289657,156694.0,54.1
2026-04-28,DIVISLAB,6477.0,6432.5,6456.69,271770,178634.0,65.73
2026-04-29,DIVISLAB,6432.5,6534.0,6510.38,324770,206064.0,63.45
2026-04-30,DIVISLAB,6534.0,6502.5,6496.27,379741,234407.0,61.73
2026-05-04,DIVISLAB,6502.5,6619.5,6594.69,371945,189168.0,50.86
2026-05-05,DIVISLAB,6619.5,6651.0,6624.45,195449,100920.0,51.63
2026-05-06,DIVISLAB,6651.0,6702.0,6699.52,314250,158638.0,50.48
2026-05-07,DIVISLAB,6702.0,6702.5,6720.3,330052,196523.0,59.54
2026-05-08,DIVISLAB,6702.5,6710.5,6708.14,155071,74353.0,47.95
2026-05-11,DIVISLAB,6710.5,6714.0,6733.18,196830,93476.0,47.49
2026-05-12,DIVISLAB,6714.0,6644.0,6678.0,156166,91634.0,58.68
2026-05-13,DIVISLAB,6644.0,6796.0,6769.72,513807,307875.0,59.92
2026-05-14,DIVISLAB,6796.0,6921.5,6885.78,424282,223305.0,52.63
2026-05-15,DIVISLAB,6921.5,6760.5,6857.96,321270,197272.0,61.4
2026-05-18,DIVISLAB,6760.5,6835.0,6752.2,340352,178947.0,52.58
2026-05-19,DIVISLAB,6835.0,6912.0,6911.4,322081,207405.0,64.4
2026-05-20,DIVISLAB,6912.0,6893.0,6888.05,957736,605095.0,63.18
2026-05-21,DIVISLAB,6893.0,6858.0,6865.47,151586,82896.0,54.69
2026-05-22,DIVISLAB,6858.0,6887.0,6880.3,354149,206460.0,58.3
2026-05-25,DIVISLAB,6887.0,6756.5,6807.2,874049,373224.0,42.7
2026-05-26,DIVISLAB,6756.5,6753.0,6720.52,309440,137890.0,44.56
2026-05-27,DIVISLAB,6753.0,6797.5,6801.59,155051,62732.0,40.46
2026-05-29,DIVISLAB,6797.5,6667.0,6701.1,612037,431980.0,70.58
2026-06-01,DIVISLAB,6667.0,6553.5,6599.58,125379,60344.0,48.13
2026-06-02,DIVISLAB,6553.5,6533.0,6507.42,362800,219902.0,60.61
2026-06-03,DIVISLAB,6533.0,6576.5,6563.23,563313,392295.0,69.64
2026-06-04,DIVISLAB,6576.5,6596.5,6625.55,347823,223543.0,64.27
2026-06-05,DIVISLAB,6596.5,6623.0,6606.32,200964,123852.0,61.63
2026-06-08,DIVISLAB,6623.0,6521.0,6599.87,456406,279913.0,61.33
2026-06-09,DIVISLAB,6521.0,6753.0,6727.04,912179,519574.0,56.96
2026-06-10,DIVISLAB,6753.0,6638.5,6741.13,405743,232585.0,57.32
2026-06-11,DIVISLAB,6638.5,6655.5,6681.19,228572,105342.0,46.09
2026-06-12,DIVISLAB,6655.5,6638.0,6655.1,162810,87944.0,54.02
2026-06-15,DIVISLAB,6638.0,6608.5,6625.16,196206,118429.0,60.36
2026-06-16,DIVISLAB,6608.5,6712.5,6668.0,329248,186275.0,56.58
2026-06-17,DIVISLAB,6712.5,6663.5,6679.17,256856,168884.0,65.75
2026-06-18,DIVISLAB,6663.5,6767.0,6693.05,411896,271236.0,65.85
2026-06-19,DIVISLAB,6767.0,6743.0,6750.27,372371,204522.0,54.92
2026-06-22,DIVISLAB,6743.0,6787.5,6762.61,232409,127953.0,55.06
2026-06-23,DIVISLAB,6787.5,6747.0,6814.79,295302,126357.0,42.79
2026-06-24,DIVISLAB,6747.0,6753.5,6755.83,252591,140173.0,55.49
2026-06-25,DIVISLAB,6753.5,6713.5,6712.31,222828,128787.0,57.8
2026-06-29,DIVISLAB,6713.5,6557.5,6639.02,474515,254432.0,53.62
2026-06-30,DIVISLAB,6557.5,6579.0,6580.46,577958,372958.0,64.53
2026-07-01,DIVISLAB,6579.0,6545.5,6564.22,323984,208993.0,64.51
2026-07-02,DIVISLAB,6545.5,6682.5,6668.22,344354,223372.0,64.87
2026-07-03,DIVISLAB,6682.5,6757.0,6771.97,382822,241214.0,63.01
2026-07-06,DIVISLAB,6757.0,6857.5,6806.26,402108,264328.0,65.74
2026-07-07,DIVISLAB,6857.5,6771.5,6832.84,448472,257436.0,57.4
2026-07-08,DIVISLAB,6771.5,6755.0,6783.57,358137,192771.0,53.83
2026-07-09,DIVISLAB,6755.0,6813.0,6862.93,356468,190978.0,53.58
2026-07-10,DIVISLAB,6813.0,6836.0,6822.39,222860,124177.0,55.72
2026-07-13,DIVISLAB,6836.0,6938.5,6892.71,274183,158142.0,57.68
2026-07-14,DIVISLAB,6938.5,7188.5,7087.86,1093244,435957.0,39.88
2026-07-15,DIVISLAB,7188.5,7273.0,7286.92,726479,342035.0,47.08
2026-07-16,DIVISLAB,7273.0,7316.0,7345.67,668484,418178.0,62.56
2026-07-17,DIVISLAB,7316.0,7247.5,7252.17,455060,276903.0,60.85
2026-07-20,DIVISLAB,7247.5,7318.0,7357.44,434480,229409.0,52.8
2026-07-21,DIVISLAB,7318.0,7330.0,7311.86,179558,91288.0,50.84
2026-07-22,DIVISLAB,7330.0,7386.5,7355.46,371324,205002.0,55.21
2026-07-23,DIVISLAB,7386.5,7305.0,7308.67,246545,147026.0,59.63
2026-07-24,DIVISLAB,7305.0,7248.5,7236.4,328948,196314.0,59.68
2026-07-27,DIVISLAB,7248.5,7414.0,7374.96,544701,285601.0,52.43
2026-07-28,DIVISLAB,7414.0,7425.0,7412.1,410385,223411.0,54.44
2026-07-29,DIVISLAB,7425.0,7784.5,7701.29,1158131,695323.0,60.04
2026-07-30,DIVISLAB,7784.5,7835.0,7865.99,651446,352200.0,54.06
2026-07-31,DIVISLAB,7835.0,8056.0,8022.3,793919,440326.0,55.46
2026-08-03,DIVISLAB,8056.0,8585.0,8346.58,1798150,573969.0,31.92
2026-08-03,DIXON,14049.0,13892.0,13866.92,728101,186944.0,25.68
2026-08-03,DLF,659.3,668.55,665.91,1660676,498136.0,30.0
2026-08-03,DMART,3921.0,4015.0,3980.96,497304,240318.0,48.32
2026-08-03,DOMS,2260.0,2292.0,2299.02,53904,25709.0,47.69
2026-04-27,DRREDDY,1317.1,1334.5,1333.12,1940454,691178.0,35.62
2026-04-28,DRREDDY,1334.5,1354.6,1352.7,2336352,864897.0,37.02
2026-04-29,DRREDDY,1354.6,1329.8,1344.65,4545837,1916948.0,42.17
2026-04-30,DRREDDY,1329.8,1322.9,1325.05,1227007,432052.0,35.21
2026-05-04,DRREDDY,1322.9,1287.2,1292.99,2285506,1018918.0,44.58
2026-05-05,DRREDDY,1287.2,1271.2,1276.78,986348,378722.0,38.4
2026-05-06,DRREDDY,1271.2,1311.0,1310.55,3340410,1514729.0,45.35
2026-05-07,DRREDDY,1311.0,1307.6,1307.62,2530096,1280277.0,50.6
2026-05-08,DRREDDY,1307.6,1293.9,1297.71,964903,422342.0,43.77
2026-05-11,DRREDDY,1293.9,1279.9,1286.6,1506740,782150.0,51.91
2026-05-12,DRREDDY,1279.9,1270.0,1277.65,1946195,848003.0,43.57
2026-05-13,DRREDDY,1270.0,1265.3,1269.15,9276074,3443270.0,37.12
2026-05-14,DRREDDY,1265.3,1303.6,1291.06,2362951,1032050.0,43.68
2026-05-15,DRREDDY,1303.6,1336.7,1326.84,3982549,2377981.0,59.71
2026-05-18,DRREDDY,1336.7,1331.2,1331.38,1926791,1128686.0,58.58
2026-05-19,DRREDDY,1331.2,1335.2,1332.06,2488019,1365553.0,54.89
2026-05-20,DRREDDY,1335.2,1321.9,1327.19,1277182,700916.0,54.88
2026-05-21,DRREDDY,1321.9,1318.5,1323.47,2183121,1369316.0,62.72
2026-05-22,DRREDDY,1318.5,1307.2,1311.97,2002451,1296016.0,64.72
2026-05-25,DRREDDY,1307.2,1331.4,1324.12,4659781,3390594.0,72.76
2026-05-26,DRREDDY,1331.4,1327.9,1332.87,1909354,1113929.0,58.34
2026-05-27,DRREDDY,1327.9,1319.0,1326.38,959327,511383.0,53.31
2026-05-29,DRREDDY,1319.0,1303.5,1305.08,5424483,3989603.0,73.55
2026-06-01,DRREDDY,1303.5,1290.4,1293.08,1379034,683917.0,49.59
2026-06-02,DRREDDY,1290.4,1274.0,1272.83,2021793,1250352.0,61.84
2026-06-03,DRREDDY,1274.0,1263.3,1264.55,1226407,687547.0,56.06
2026-06-04,DRREDDY,1263.3,1267.5,1265.11,944045,601491.0,63.71
2026-06-05,DRREDDY,1267.5,1278.2,1279.64,774687,342023.0,44.15
2026-06-08,DRREDDY,1278.2,1275.6,1284.4,862999,268765.0,31.14
2026-06-09,DRREDDY,1275.6,1268.5,1271.8,871896,522339.0,59.91
2026-06-10,DRREDDY,1268.5,1271.7,1273.85,1172155,655147.0,55.89
2026-06-11,DRREDDY,1271.7,1276.0,1277.69,1057772,545881.0,51.61
2026-06-12,DRREDDY,1276.0,1275.4,1273.93,1645027,1129805.0,68.68
2026-06-15,DRREDDY,1275.4,1279.5,1283.86,1178640,503591.0,42.73
2026-06-16,DRREDDY,1279.5,1276.9,1277.27,430918,207177.0,48.08
2026-06-17,DRREDDY,1276.9,1269.0,1267.83,683616,387878.0,56.74
2026-06-18,DRREDDY,1269.0,1267.5,1267.71,774093,412409.0,53.28
2026-06-19,DRREDDY,1267.5,1272.1,1269.7,1312877,930419.0,70.87
2026-06-22,DRREDDY,1272.1,1290.7,1292.74,1618251,707059.0,43.69
2026-06-23,DRREDDY,1290.7,1301.3,1310.27,2878800,1086930.0,37.76
2026-06-24,DRREDDY,1301.3,1328.4,1333.02,3346371,1353548.0,40.45
2026-06-25,DRREDDY,1328.4,1350.5,1351.57,1699744,794919.0,46.77
2026-06-29,DRREDDY,1350.5,1375.7,1391.61,8857211,3572002.0,40.33
2026-06-30,DRREDDY,1375.7,1357.1,1359.97,2446438,1271225.0,51.96
2026-07-01,DRREDDY,1357.1,1339.9,1344.26,1423120,709436.0,49.85
2026-07-02,DRREDDY,1339.9,1345.7,1345.57,808598,331575.0,41.01
2026-07-03,DRREDDY,1345.7,1374.1,1375.61,1296170,469886.0,36.25
2026-07-06,DRREDDY,1374.1,1367.9,1365.48,810266,425690.0,52.54
2026-07-07,DRREDDY,1367.9,1354.6,1360.42,1043736,563648.0,54.0
2026-07-08,DRREDDY,1354.6,1349.0,1359.6,1561612,569130.0,36.45
2026-07-09,DRREDDY,1349.0,1269.5,1294.58,8410883,3290794.0,39.13
2026-07-10,DRREDDY,1269.5,1244.3,1241.55,8106606,4361177.0,53.8
2026-07-13,DRREDDY,1244.3,1234.5,1234.02,2437935,1243646.0,51.01
2026-07-14,DRREDDY,1234.5,1246.2,1243.81,1984818,1221686.0,61.55
2026-07-15,DRREDDY,1246.2,1229.5,1232.62,1685660,873947.0,51.85
2026-07-16,DRREDDY,1229.5,1224.4,1227.21,1935887,1267900.0,65.49
2026-07-17,DRREDDY,1224.4,1211.2,1210.48,2075149,1100505.0,53.03
2026-07-20,DRREDDY,1211.2,1223.1,1220.15,2212191,1491418.0,67.42
2026-07-21,DRREDDY,1223.1,1206.0,1211.8,2182513,1200642.0,55.01
2026-07-22,DRREDDY,1206.0,1182.8,1183.98,2528082,1200936.0,47.5
2026-07-23,DRREDDY,1182.8,1166.3,1151.29,6693935,2398887.0,35.84
2026-07-24,DRREDDY,1166.3,1151.7,1146.8,4750512,2668305.0,56.17
2026-07-27,DRREDDY,1151.7,1150.8,1151.95,1053461,490685.0,46.58
2026-07-28,DRREDDY,1150.8,1135.6,1137.38,2157306,1283257.0,59.48
2026-07-29,DRREDDY,1135.6,1142.3,1140.32,1280586,532744.0,41.6
2026-07-30,DRREDDY,1142.3,1144.8,1143.29,1350714,697538.0,51.64
2026-07-31,DRREDDY,1144.8,1148.1,1148.86,1085841,567856.0,52.3
2026-08-03,DRREDDY,1148.1,1180.0,1166.9,2150927,1110142.0,51.61
2026-08-03,DYNAMATECH,10339.0,10763.0,10829.97,17854,6401.0,35.85
2026-08-03,ECLERX,1845.5,1922.2,1913.57,159968,59704.0,37.32
2026-08-03,EDELWEISS,115.47,116.33,117.15,1669628,869729.0,52.09
2026-04-27,EICHERMOT,7111.5,7174.0,7163.47,335662,172368.0,51.35
2026-04-28,EICHERMOT,7174.0,7071.5,7128.71,560194,313291.0,55.93
2026-04-29,EICHERMOT,7071.5,7189.5,7229.69,522596,280109.0,53.6
2026-04-30,EICHERMOT,7189.5,7109.0,7065.0,538501,258827.0,48.06
2026-05-04,EICHERMOT,7109.0,7329.0,7251.97,684364,381078.0,55.68
2026-05-05,EICHERMOT,7329.0,7301.5,7279.98,482491,253644.0,52.57
2026-05-06,EICHERMOT,7301.5,7310.5,7284.58,403588,190824.0,47.28
2026-05-07,EICHERMOT,7310.5,7327.5,7397.12,606372,240955.0,39.74
2026-05-08,EICHERMOT,7327.5,7302.5,7314.71,259522,117249.0,45.18
2026-05-11,EICHERMOT,7302.5,7202.5,7214.29,320656,169713.0,52.93
2026-05-12,EICHERMOT,7202.5,7126.0,7196.33,364492,172716.0,47.39
2026-05-13,EICHERMOT,7126.0,6971.5,6974.82,668271,229932.0,34.41
2026-05-14,EICHERMOT,6971.5,7034.0,6978.05,447978,153284.0,34.22
2026-05-15,EICHERMOT,7034.0,7014.5,7028.5,313548,112876.0,36.0
2026-05-18,EICHERMOT,7014.5,6913.0,6891.78,316357,125802.0,39.77
2026-05-19,EICHERMOT,6913.0,6882.5,6895.07,406588,220373.0,54.2
2026-05-20,EICHERMOT,6882.5,6849.5,6858.62,455047,252431.0,55.47
2026-05-21,EICHERMOT,6849.5,6892.0,6903.17,491206,265019.0,53.95
2026-05-22,EICHERMOT,6892.0,6981.5,6986.81,512596,256116.0,49.96
2026-05-25,EICHERMOT,6981.5,7414.0,7360.1,1354536,397653.0,29.36
2026-05-26,EICHERMOT,7414.0,7376.0,7396.25,388413,184347.0,47.46
2026-05-27,EICHERMOT,7376.0,7419.0,7381.61,283327,132252.0,46.68
2026-05-29,EICHERMOT,7419.0,7177.0,7222.98,1464680,960914.0,65.61
2026-06-01,EICHERMOT,7177.0,7100.5,7131.3,600629,165333.0,27.53
2026-06-02,EICHERMOT,7100.5,7141.5,7073.83,452665,197851.0,43.71
2026-06-03,EICHERMOT,7141.5,7130.0,7115.47,413545,182854.0,44.22
2026-06-04,EICHERMOT,7130.0,7110.0,7097.82,429763,225825.0,52.55
2026-06-05,EICHERMOT,7110.0,7070.0,7086.41,422329,219679.0,52.02
2026-06-08,EICHERMOT,7070.0,7050.0,7049.28,402793,201997.0,50.15
2026-06-09,EICHERMOT,7050.0,7203.0,7200.35,547103,246367.0,45.03
2026-06-10,EICHERMOT,7203.0,7219.5,7232.16,480600,292050.0,60.77
2026-06-11,EICHERMOT,7219.5,7179.5,7167.29,425248,194314.0,45.69
2026-06-12,EICHERMOT,7179.5,7312.0,7285.6,300260,115440.0,38.45
2026-06-15,EICHERMOT,7312.0,7624.5,7546.26,784420,395898.0,50.47
2026-06-16,EICHERMOT,7624.5,7560.5,7578.45,453796,248466.0,54.75
2026-06-17,EICHERMOT,7560.5,7509.0,7517.69,404085,228418.0,56.53
2026-06-18,EICHERMOT,7509.0,7601.0,7610.91,485856,228052.0,46.94
2026-06-19,EICHERMOT,7601.0,7611.0,7598.59,682982,464996.0,68.08
2026-06-22,EICHERMOT,7611.0,7639.5,7675.02,375714,178524.0,47.52
2026-06-23,EICHERMOT,7639.5,7578.0,7626.91,365865,207649.0,56.76
2026-06-24,EICHERMOT,7578.0,7572.0,7567.86,324328,162816.0,50.2
2026-06-25,EICHERMOT,7572.0,7598.0,7674.92,673579,348937.0,51.8
2026-06-29,EICHERMOT,7598.0,7426.0,7436.85,2326377,1704611.0,73.27
2026-06-30,EICHERMOT,7426.0,7073.5,7095.45,2474671,1179488.0,47.66
2026-07-01,EICHERMOT,7073.5,7139.0,7117.04,590493,271266.0,45.94
2026-07-02,EICHERMOT,7139.0,7250.0,7207.78,828736,551276.0,66.52
2026-07-03,EICHERMOT,7250.0,7339.5,7312.82,317988,159685.0,50.22
2026-07-06,EICHERMOT,7339.5,7471.5,7436.27,300086,146112.0,48.69
2026-07-07,EICHERMOT,7471.5,7536.0,7556.64,592213,323577.0,54.64
2026-07-08,EICHERMOT,7536.0,7418.5,7440.14,905003,484900.0,53.58
2026-07-09,EICHERMOT,7418.5,7361.0,7380.94,625976,403353.0,64.44
2026-07-10,EICHERMOT,7361.0,7365.5,7373.5,497082,288227.0,57.98
2026-07-13,EICHERMOT,7365.5,7296.5,7297.77,787762,505090.0,64.12
2026-07-14,EICHERMOT,7296.5,7279.5,7255.45,458624,259069.0,56.49
2026-07-15,EICHERMOT,7279.5,7404.5,7386.48,758954,452809.0,59.66
2026-07-16,EICHERMOT,7404.5,7418.5,7413.2,618180,350640.0,56.72
2026-07-17,EICHERMOT,7418.5,7563.5,7534.84,489811,231221.0,47.21
2026-07-20,EICHERMOT,7563.5,7563.5,7536.57,266324,147253.0,55.29
2026-07-21,EICHERMOT,7563.5,7689.5,7633.34,451075,233626.0,51.79
2026-07-22,EICHERMOT,7689.5,7632.0,7634.83,409800,228925.0,55.86
2026-07-23,EICHERMOT,7632.0,7721.5,7715.74,431136,202040.0,46.86
2026-07-24,EICHERMOT,7721.5,7628.0,7622.28,409577,254598.0,62.16
2026-07-27,EICHERMOT,7628.0,7769.5,7763.14,367549,185272.0,50.41
2026-07-28,EICHERMOT,7769.5,7836.0,7833.42,449880,260323.0,57.86
2026-07-29,EICHERMOT,7836.0,7779.0,7812.39,522935,313975.0,60.04
2026-07-30,EICHERMOT,7779.0,7912.5,7847.65,1496307,554753.0,37.07
2026-07-31,EICHERMOT,7912.5,7833.5,7842.4,720608,458036.0,63.56
2026-08-03,EICHERMOT,7833.5,8050.0,7995.87,1009396,586823.0,58.14
2026-08-03,EIDPARRY,760.05,780.3,777.2,179666,102086.0,56.82
2026-08-03,EIEL,220.06,222.64,222.74,641485,265356.0,41.37
2026-08-03,EIHOTEL,327.0,330.1,330.18,85964,50024.0,58.19
2026-08-03,ELECON,419.05,428.3,429.89,367171,180396.0,49.13
2026-08-03,ELECTCAST,70.65,71.8,72.27,1007842,514178.0,51.02
2026-08-03,ELGIEQUIP,569.65,582.6,581.44,172551,96263.0,55.79
2026-08-03,ELLEN,263.45,273.05,274.55,751725,378057.0,50.29
2026-08-03,EMAMILTD,398.05,406.0,405.54,413488,237301.0,57.39
2026-08-03,EMBDL,61.14,60.79,61.36,1877185,969767.0,51.66
2026-08-03,EMCURE,1960.1,1969.7,1971.08,116048,65740.0,56.65
2026-08-03,EMIL,130.16,131.35,132.35,3324272,2080108.0,62.57
2026-08-03,EMMVEE,317.6,319.55,320.34,1059943,518488.0,48.92
2026-08-03,ENDURANCE,2758.3,2787.6,2809.9,125969,75600.0,60.01
2026-08-03,ENGINERSIN,222.38,226.8,227.04,1543983,698551.0,45.24
2026-08-03,ENRIN,3230.8,3256.0,3249.46,411370,190654.0,46.35
2026-08-03,ENTERO,1243.9,1233.2,1239.27,70955,47443.0,66.86
2026-08-03,EPL,222.42,226.7,226.27,278760,134076.0,48.1
2026-08-03,EQUITASBNK,75.21,76.26,76.45,3338159,2272920.0,68.09
2026-08-03,ERIS,1354.7,1383.2,1371.78,110236,66387.0,60.22
2026-08-03,ESCORTS,3086.0,3135.5,3111.42,678771,140134.0,20.65
2026-08-03,ETERNAL,302.45,310.5,306.76,26906290,11126130.0,41.35
2026-08-03,ETHOSLTD,2575.4,2962.7,2923.23,1592283,167147.0,10.5
2026-08-03,EUREKAFORB,448.45,453.65,453.62,68833,42894.0,62.32
2026-08-03,EXIDEIND,449.8,444.7,450.92,3583632,1769518.0,49.38
2026-08-03,FACT,826.65,843.25,842.95,129872,51642.0,39.76
2026-08-03,FEDERALBNK,358.85,371.7,360.34,4384044,2799253.0,63.85
2026-08-03,FEDFINA,153.83,150.37,151.35,1857400,1082751.0,58.29
2026-08-03,FIEMIND,2323.3,2338.4,2331.41,63451,39586.0,62.39
2026-08-03,FINCABLES,987.6,998.05,998.5,200264,102257.0,51.06
2026-08-03,FINPIPE,162.37,165.79,165.3,520336,278081.0,53.44
2026-08-03,FIRSTCRY,212.26,214.61,214.15,290453,156208.0,53.78
2026-08-03,FIVESTAR,547.95,551.4,555.29,338346,152612.0,45.11
2026-08-03,FLUOROCHEM,4366.8,4483.5,4465.53,125504,79979.0,63.73
2026-08-03,FORCEMOT,17902.0,18494.0,18440.2,124218,36649.0,29.5
2026-08-03,FORTIS,945.0,940.0,957.18,2160190,1138933.0,52.72
2026-08-03,FSL,302.12,324.35,322.33,10047629,2251693.0,22.41
2026-08-03,GABRIEL,1441.8,1527.4,1507.1,886748,296430.0,33.43
2026-08-03,GAEL,172.11,180.68,177.41,8639340,2992917.0,34.64
2026-08-03,GAIL,181.44,174.3,174.34,37607447,15173148.0,40.35
2026-08-03,GALLANTT,614.6,627.6,626.4,358473,115310.0,32.17
2026-08-03,GARFIBRES,732.9,761.6,760.19,53200,22114.0,41.57
2026-08-03,GESHIP,1350.4,1398.4,1401.72,595738,299001.0,50.19
2026-08-03,GHCL,438.1,444.1,443.24,411921,200981.0,48.79
2026-08-03,GICRE,356.6,358.05,359.88,600417,330682.0,55.08
2026-08-03,GILLETTE,7624.0,7719.0,7719.69,25853,14013.0,54.2
2026-08-03,GLAND,2502.9,2579.2,2559.96,502554,297486.0,59.19
2026-08-03,GLAXO,2655.4,2662.3,2655.47,89406,47165.0,52.75
2026-08-03,GLENMARK,2233.9,2230.0,2214.58,1307223,412334.0,31.54
2026-08-03,GMDCLTD,564.25,561.0,563.47,769090,314644.0,40.91
2026-08-03,GMMPFAUDLR,864.4,858.45,860.87,72539,40408.0,55.71
2026-08-03,GMRAIRPORT,105.26,105.55,105.67,5825312,3214212.0,55.18
2026-08-03,GMRP&UI,99.16,97.18,97.87,1512131,886344.0,58.62
2026-08-03,GNFC,510.3,516.1,519.09,378921,198682.0,52.43
2026-08-03,GODFRYPHLP,2133.4,2247.0,2236.5,1547162,450963.0,29.15
2026-08-03,GODIGIT,254.3,262.75,261.08,611681,268328.0,43.87
2026-08-03,GODREJAGRO,556.8,565.05,563.64,112626,73711.0,65.45
2026-08-03,GODREJCP,1070.4,1085.9,1084.38,615866,311815.0,50.63
2026-08-03,GODREJIND,1317.6,1337.1,1338.88,78905,33216.0,42.1
2026-08-03,GODREJPROP,2105.7,2089.7,2086.33,366499,157779.0,43.05
2026-08-03,GOKEX,814.95,816.8,824.33,182653,90116.0,49.34
2026-08-03,GOKULAGRO,225.11,231.58,231.71,704955,257948.0,36.59
2026-08-03,GPIL,242.4,244.37,246.89,1106208,638519.0,57.72
2026-08-03,GPPL,150.27,151.37,151.55,879659,499473.0,56.78
2026-08-03,GRANULES,824.65,843.2,839.34,957769,521373.0,54.44
2026-08-03,GRAPHITE,656.4,657.95,662.28,878541,431079.0,49.07
2026-04-27,GRASIM,2739.3,2778.2,2781.24,986204,515220.0,52.24
2026-04-28,GRASIM,2778.2,2783.0,2815.02,1561588,816043.0,52.26
2026-04-29,GRASIM,2783.0,2803.2,2814.53,976666,504881.0,51.69
2026-04-30,GRASIM,2803.2,2794.5,2772.33,1130223,663893.0,58.74
2026-05-04,GRASIM,2794.5,2856.0,2846.14,977675,560810.0,57.36
2026-05-05,GRASIM,2856.0,2871.5,2861.01,947423,565898.0,59.73
2026-05-06,GRASIM,2871.5,2914.8,2902.85,362970,204673.0,56.39
2026-05-07,GRASIM,2914.8,2960.6,2954.27,603383,286614.0,47.5
2026-05-08,GRASIM,2960.6,2968.6,2962.64,505248,245690.0,48.63
2026-05-11,GRASIM,2968.6,2984.2,2979.61,567800,240967.0,42.44
2026-05-12,GRASIM,2984.2,2903.0,2928.97,467500,222470.0,47.59
2026-05-13,GRASIM,2903.0,2945.6,2942.56,1332833,774130.0,58.08
2026-05-14,GRASIM,2945.6,2938.7,2952.84,1652596,1123775.0,68.0
2026-05-15,GRASIM,2938.7,2933.8,2945.83,1586864,1011435.0,63.74
2026-05-18,GRASIM,2933.8,2943.8,2931.71,800447,498191.0,62.24
2026-05-19,GRASIM,2943.8,2935.2,2943.94,637116,362036.0,56.82
2026-05-20,GRASIM,2935.2,2971.1,2933.86,1306216,499605.0,38.25
2026-05-21,GRASIM,2971.1,3154.5,3122.73,4417489,1367953.0,30.97
2026-05-22,GRASIM,3154.5,3155.3,3163.93,906466,377082.0,41.6
2026-05-25,GRASIM,3155.3,3171.6,3167.39,620009,288523.0,46.54
2026-05-26,GRASIM,3171.6,3165.0,3171.98,984415,558493.0,56.73
2026-05-27,GRASIM,3165.0,3170.0,3172.25,317539,162473.0,51.17
2026-05-29,GRASIM,3170.0,3122.4,3136.31,1635193,1123607.0,68.71
2026-06-01,GRASIM,3122.4,3102.6,3106.61,644142,408512.0,63.42
2026-06-02,GRASIM,3102.6,3097.6,3087.48,461140,277727.0,60.23
2026-06-03,GRASIM,3097.6,3101.6,3090.4,460368,282232.0,61.31
2026-06-04,GRASIM,3101.6,3103.5,3114.01,957529,510309.0,53.29
2026-06-05,GRASIM,3103.5,3087.7,3093.24,697168,448200.0,64.29
2026-06-08,GRASIM,3087.7,3050.1,3064.8,687274,382505.0,55.66
2026-06-09,GRASIM,3050.1,3095.5,3096.87,923351,535881.0,58.04
2026-06-10,GRASIM,3095.5,3071.2,3102.62,792811,443201.0,55.9
2026-06-11,GRASIM,3071.2,3089.5,3092.09,613443,340102.0,55.44
2026-06-12,GRASIM,3089.5,3105.5,3098.05,536817,252858.0,47.1
2026-06-15,GRASIM,3105.5,3164.5,3155.0,1033542,655252.0,63.4
2026-06-16,GRASIM,3164.5,3140.3,3150.98,308307,180646.0,58.59
2026-06-17,GRASIM,3140.3,3150.4,3140.06,395269,247786.0,62.69
2026-06-18,GRASIM,3150.4,3145.1,3129.35,667101,387837.0,58.14
2026-06-19,GRASIM,3145.1,3149.5,3146.78,534084,328119.0,61.44
2026-06-22,GRASIM,3149.5,3175.2,3164.88,368611,210688.0,57.16
2026-06-23,GRASIM,3175.2,3144.3,3148.42,705875,519006.0,73.53
2026-06-24,GRASIM,3144.3,3127.9,3125.78,706788,434227.0,61.44
2026-06-25,GRASIM,3127.9,3126.6,3136.63,785517,464535.0,59.14
2026-06-29,GRASIM,3126.6,3080.2,3091.81,1286143,888259.0,69.06
2026-06-30,GRASIM,3080.2,3100.0,3106.45,868872,527130.0,60.67
2026-07-01,GRASIM,3100.0,3140.4,3131.98,490262,294717.0,60.11
2026-07-02,GRASIM,3140.4,3169.2,3161.41,449711,303411.0,67.47
2026-07-03,GRASIM,3169.2,3180.9,3197.57,425942,146582.0,34.41
2026-07-06,GRASIM,3180.9,3213.0,3204.0,386276,204936.0,53.05
2026-07-07,GRASIM,3213.0,3190.9,3198.31,571660,360206.0,63.01
2026-07-08,GRASIM,3190.9,3134.8,3148.17,477890,274260.0,57.39
2026-07-09,GRASIM,3134.8,3191.9,3194.43,936756,344186.0,36.74
2026-07-10,GRASIM,3191.9,3213.6,3225.08,515666,276923.0,53.7
2026-07-13,GRASIM,3213.6,3144.3,3158.94,654390,392513.0,59.98
2026-07-14,GRASIM,3144.3,3113.3,3111.94,1058130,631771.0,59.71
2026-07-15,GRASIM,3113.3,3086.1,3109.86,726262,410007.0,56.45
2026-07-16,GRASIM,3086.1,3072.9,3073.56,536911,324093.0,60.36
2026-07-17,GRASIM,3072.9,3109.7,3098.0,622540,411942.0,66.17
2026-07-20,GRASIM,3109.7,3143.8,3131.29,349776,172967.0,49.45
2026-07-21,GRASIM,3143.8,3179.8,3168.02,659160,456802.0,69.3
2026-07-22,GRASIM,3179.8,3166.3,3160.63,396629,232723.0,58.68
2026-07-23,GRASIM,3166.3,3113.0,3126.09,327446,156472.0,47.79
2026-07-24,GRASIM,3113.0,3089.4,3083.45,341560,198482.0,58.11
2026-07-27,GRASIM,3089.4,3112.4,3099.22,266078,189279.0,71.14
2026-07-28,GRASIM,3112.4,3116.2,3114.17,388153,220517.0,56.81
2026-07-29,GRASIM,3116.2,3113.0,3119.31,304356,166219.0,54.61
2026-07-30,GRASIM,3113.0,3104.8,3099.09,301353,170746.0,56.66
2026-07-31,GRASIM,3104.8,3100.8,3109.42,309447,176321.0,56.98
2026-08-03,GRASIM,3100.8,3260.0,3149.42,393816,211291.0,53.65
2026-08-03,GRAVITA,1616.4,1663.9,1647.92,268858,128558.0,47.82
2026-08-03,GREAVESCOT,238.05,232.67,236.38,1179564,584810.0,49.58
2026-08-03,GRINDWELL,2120.2,2087.8,2104.13,21035,10837.0,51.52
2026-08-03,GROWW,194.37,192.6,192.4,33125267,16141234.0,48.73
2026-08-03,GRSE,2601.2,2582.7,2596.17,317050,156549.0,49.38
2026-08-03,GRWRHITECH,7151.5,7182.0,7181.13,38146,20063.0,52.6
2026-08-03,GSFC,158.84,160.81,160.91,286583,144604.0,50.46
2026-08-03,GVT&D,4323.3,4370.0,4325.64,478516,245797.0,51.37
2026-08-03,HAL,4646.5,4690.0,4672.67,466729,190643.0,40.85
2026-08-03,HAPPSTMNDS,377.2,384.0,381.06,1063697,413640.0,38.89
2026-08-03,HAVELLS,1260.7,1285.0,1275.25,1214090,847860.0,69.84
2026-08-03,HBLENGINE,718.7,739.2,735.7,967783,415812.0,42.97
2026-08-03,HCC,21.44,21.81,21.83,13986818,6754758.0,48.29
2026-08-03,HCG,671.2,671.75,675.27,77076,47841.0,62.07
2026-04-27,HCLTECH,1203.2,1228.2,1218.15,6066942,3011825.0,49.64
2026-04-28,HCLTECH,1228.2,1196.0,1202.59,6643295,3979377.0,59.9
2026-04-29,HCLTECH,1196.0,1200.2,1202.38,4777201,2472024.0,51.75
2026-04-30,HCLTECH,1200.2,1199.1,1200.95,5070033,2700518.0,53.26
2026-05-04,HCLTECH,1199.1,1200.5,1199.3,3318673,1639631.0,49.41
2026-05-05,HCLTECH,1200.5,1200.2,1199.4,2459953,1257250.0,51.11
2026-05-06,HCLTECH,1200.2,1189.1,1194.87,3541520,1900079.0,53.65
2026-05-07,HCLTECH,1189.1,1183.4,1185.93,3725309,2016234.0,54.12
2026-05-08,HCLTECH,1183.4,1198.4,1194.9,2813749,1451556.0,51.59
2026-05-11,HCLTECH,1198.4,1194.9,1200.25,2505962,1302335.0,51.97
2026-05-12,HCLTECH,1194.9,1145.8,1154.12,3959561,1935224.0,48.87
2026-05-13,HCLTECH,1145.8,1143.2,1145.7,2635034,1496507.0,56.79
2026-05-14,HCLTECH,1143.2,1124.0,1119.6,5837032,2536154.0,43.45
2026-05-15,HCLTECH,1124.0,1132.6,1136.8,3729249,1760041.0,47.2
2026-05-18,HCLTECH,1132.6,1146.6,1138.54,2588569,1185393.0,45.79
2026-05-19,HCLTECH,1146.6,1179.4,1180.95,5756760,2674454.0,46.46
2026-05-20,HCLTECH,1179.4,1169.8,1172.82,1415960,664665.0,46.94
2026-05-21,HCLTECH,1169.8,1168.2,1170.33,2245247,1135307.0,50.56
2026-05-22,HCLTECH,1168.2,1164.0,1165.48,2044782,1156853.0,56.58
2026-05-25,HCLTECH,1164.0,1165.7,1168.76,1419803,574327.0,40.45
2026-05-26,HCLTECH,1165.7,1161.9,1165.98,1196820,497250.0,41.55
2026-05-27,HCLTECH,1161.9,1165.2,1162.91,1004168,468602.0,46.67
2026-05-29,HCLTECH,1165.2,1183.8,1184.28,12446602,7012885.0,56.34
2026-06-01,HCLTECH,1183.8,1195.1,1200.49,5970435,2048693.0,34.31
2026-06-02,HCLTECH,1195.1,1243.5,1236.8,7663067,3638412.0,47.48
2026-06-03,HCLTECH,1243.5,1179.0,1193.69,4800922,1984393.0,41.33
2026-06-04,HCLTECH,1179.0,1168.3,1168.81,2025595,968207.0,47.8
2026-06-05,HCLTECH,1168.3,1154.7,1156.81,1971395,852129.0,43.22
2026-06-08,HCLTECH,1154.7,1151.3,1149.64,1546444,644485.0,41.68
2026-06-09,HCLTECH,1151.3,1146.3,1143.49,2225582,1305118.0,58.64
2026-06-10,HCLTECH,1146.3,1132.1,1141.62,1600595,990407.0,61.88
2026-06-11,HCLTECH,1132.1,1110.2,1104.07,3435236,1512394.0,44.03
2026-06-12,HCLTECH,1110.2,1109.6,1107.93,2203987,1180705.0,53.57
2026-06-15,HCLTECH,1109.6,1119.3,1120.27,2361006,1287108.0,54.52
2026-06-16,HCLTECH,1119.3,1159.0,1150.83,8343470,2390905.0,28.66
2026-06-17,HCLTECH,1159.0,1166.8,1165.82,2263670,979118.0,43.25
2026-06-18,HCLTECH,1166.8,1161.8,1158.45,3368037,1952206.0,57.96
2026-06-19,HCLTECH,1161.8,1131.7,1118.44,10014063,5432220.0,54.25
2026-06-22,HCLTECH,1131.7,1130.5,1137.61,2312385,1315335.0,56.88
2026-06-23,HCLTECH,1130.5,1109.5,1112.95,3235632,1723904.0,53.28
2026-06-24,HCLTECH,1109.5,1113.9,1111.16,3503015,1276070.0,36.43
2026-06-25,HCLTECH,1113.9,1100.7,1112.79,5877425,2741420.0,46.64
2026-06-29,HCLTECH,1100.7,1102.4,1097.93,5186504,2835641.0,54.67
2026-06-30,HCLTECH,1102.4,1071.8,1079.17,3794233,1779035.0,46.89
2026-07-01,HCLTECH,1071.8,1034.2,1051.09,3819777,1856759.0,48.61
2026-07-02,HCLTECH,1034.2,1078.1,1074.55,3726609,1488716.0,39.95
2026-07-03,HCLTECH,1078.1,1139.0,1136.63,12768463,4118030.0,32.25
2026-07-06,HCLTECH,1139.0,1134.2,1136.15,2747815,1213768.0,44.17
2026-07-07,HCLTECH,1134.2,1168.2,1163.17,5179529,2364482.0,45.65
2026-07-08,HCLTECH,1168.2,1145.6,1157.9,3091794,1500965.0,48.55
2026-07-09,HCLTECH,1145.6,1150.4,1146.84,2033525,849617.0,41.78
2026-07-10,HCLTECH,1150.4,1164.1,1167.37,3979475,1729804.0,43.47
2026-07-13,HCLTECH,1164.1,1221.2,1211.3,9028077,3641941.0,40.34
2026-07-14,HCLTECH,1221.2,1166.7,1184.48,9754723,3449131.0,35.36
2026-07-15,HCLTECH,1166.7,1168.0,1168.05,3253196,1203314.0,36.99
2026-07-16,HCLTECH,1168.0,1187.4,1193.95,5147444,2078604.0,40.38
2026-07-17,HCLTECH,1187.4,1203.9,1207.41,5037972,2642998.0,52.46
2026-07-20,HCLTECH,1203.9,1221.3,1216.07,3612829,2267027.0,62.75
2026-07-21,HCLTECH,1221.3,1239.5,1233.07,4642320,2917381.0,62.84
2026-07-22,HCLTECH,1239.5,1237.3,1236.65,2377718,1548639.0,65.13
2026-07-23,HCLTECH,1237.3,1244.7,1242.21,1878476,867582.0,46.19
2026-07-24,HCLTECH,1244.7,1271.0,1260.48,3674904,1323533.0,36.02
2026-07-27,HCLTECH,1271.0,1295.9,1295.72,3847049,1971387.0,51.24
2026-07-28,HCLTECH,1295.9,1318.6,1325.86,5187064,2600983.0,50.14
2026-07-29,HCLTECH,1318.6,1344.3,1342.8,3061520,1356386.0,44.3
2026-07-30,HCLTECH,1344.3,1352.7,1360.1,3747919,2100007.0,56.03
2026-07-31,HCLTECH,1352.7,1346.9,1340.12,3369019,1621444.0,48.13
2026-08-03,HCLTECH,1346.9,1377.0,1355.65,2314332,1305116.0,56.39
2026-08-03,HDBFS,686.35,684.85,689.88,375358,211693.0,56.4
2026-08-03,HDFCAMC,2615.8,2600.6,2587.92,534990,251628.0,47.03
2026-04-27,HDFCBANK,784.85,789.8,789.16,18115375,10324992.0,57.0
2026-04-28,HDFCBANK,789.8,782.55,786.39,35366803,18808136.0,53.18
2026-04-29,HDFCBANK,782.55,779.0,783.9,25799963,15285775.0,59.25
2026-04-30,HDFCBANK,779.0,771.7,770.36,47998755,22915732.0,47.74
2026-05-04,HDFCBANK,771.7,779.4,779.72,29028060,17025706.0,58.65
2026-05-05,HDFCBANK,779.4,772.3,771.31,38887657,17920543.0,46.08
2026-05-06,HDFCBANK,772.3,796.55,785.36,35530831,17953925.0,50.53
2026-05-07,HDFCBANK,796.55,796.05,795.15,46137553,19762031.0,42.83
2026-05-08,HDFCBANK,796.05,780.85,781.63,38016841,25403985.0,66.82
2026-05-11,HDFCBANK,780.85,763.65,769.2,41123422,26175868.0,63.65
2026-05-12,HDFCBANK,763.65,750.45,753.71,43937132,19036053.0,43.33
2026-05-13,HDFCBANK,750.45,749.6,752.96,28960919,15486806.0,53.47
2026-05-14,HDFCBANK,749.6,769.55,767.26,50992358,26923055.0,52.8
2026-05-15,HDFCBANK,769.55,767.5,774.13,24347873,15434589.0,63.39
2026-05-18,HDFCBANK,767.5,768.65,765.63,29812079,17324667.0,58.11
2026-05-19,HDFCBANK,768.65,762.45,765.85,40307830,20036484.0,49.71
2026-05-20,HDFCBANK,762.45,759.5,759.21,24013451,15200147.0,63.3
2026-05-21,HDFCBANK,759.5,759.15,760.54,34664725,16778236.0,48.4
2026-05-22,HDFCBANK,759.15,766.8,768.46,25604071,15356926.0,59.98
2026-05-25,HDFCBANK,766.8,786.85,783.84,26043952,17199873.0,66.04
2026-05-26,HDFCBANK,786.85,778.9,783.86,31528062,12977242.0,41.16
2026-05-27,HDFCBANK,778.9,758.65,762.18,63680153,36818001.0,57.82
2026-05-29,HDFCBANK,758.65,744.55,747.79,101299431,69804226.0,68.91
2026-06-01,HDFCBANK,744.55,742.7,743.7,47996441,19302413.0,40.22
2026-06-02,HDFCBANK,742.7,748.25,745.07,47314447,19891849.0,42.04
2026-06-03,HDFCBANK,748.25,753.65,748.83,36109480,19128489.0,52.97
2026-06-04,HDFCBANK,753.65,754.2,751.95,42673538,19985833.0,46.83
2026-06-05,HDFCBANK,754.2,747.05,750.42,22116568,12516185.0,56.59
2026-06-08,HDFCBANK,747.05,738.65,738.38,21550700,9097681.0,42.22
2026-06-09,HDFCBANK,738.65,738.35,738.36,38539563,15214315.0,39.48
2026-06-10,HDFCBANK,738.35,746.85,744.98,44458159,23670967.0,53.24
2026-06-11,HDFCBANK,746.85,744.6,746.84,32632007,16955815.0,51.96
2026-06-12,HDFCBANK,744.6,772.45,764.47,36088159,22190749.0,61.49
2026-06-15,HDFCBANK,772.45,777.35,783.75,39990334,25553938.0,63.9
2026-06-16,HDFCBANK,777.35,784.9,784.34,27820970,12995866.0,46.71
2026-06-17,HDFCBANK,784.9,787.1,788.39,32405604,21508982.0,66.37
2026-06-18,HDFCBANK,787.1,799.0,797.21,41492071,20063205.0,48.35
2026-06-19,HDFCBANK,799.0,779.8,780.8,33798761,21270632.0,62.93
2026-06-22,HDFCBANK,779.8,786.4,786.71,25194765,17480801.0,69.38
2026-06-23,HDFCBANK,786.4,774.65,781.94,28289062,15568384.0,55.03
2026-06-24,HDFCBANK,774.65,793.2,788.6,34701292,21486006.0,61.92
2026-06-25,HDFCBANK,793.2,796.3,799.35,46707966,30031159.0,64.3
2026-06-29,HDFCBANK,796.3,798.9,799.29,46695977,30919361.0,66.21
2026-06-30,HDFCBANK,798.9,797.95,798.65,45778356,27708562.0,60.53
2026-07-01,HDFCBANK,797.95,796.15,797.89,26094378,17813540.0,68.27
2026-07-02,HDFCBANK,796.15,795.9,798.17,34143823,20198744.0,59.16
2026-07-03,HDFCBANK,795.9,801.05,802.89,25871958,18315362.0,70.79
2026-07-06,HDFCBANK,801.05,829.85,824.42,63203327,43310150.0,68.53
2026-07-07,HDFCBANK,829.85,829.3,834.07,57611729,38196928.0,66.3
2026-07-08,HDFCBANK,829.3,810.3,821.95,38754632,22453892.0,57.94
2026-07-09,HDFCBANK,810.3,817.55,818.64,39891798,21911701.0,54.93
2026-07-10,HDFCBANK,817.55,824.95,824.61,23595785,16977137.0,71.95
2026-07-13,HDFCBANK,824.95,817.95,817.72,21741736,11894060.0,54.71
2026-07-14,HDFCBANK,817.95,809.4,811.9,25605395,12189945.0,47.61
2026-07-15,HDFCBANK,809.4,815.45,815.46,21488739,13642307.0,63.49
2026-07-16,HDFCBANK,815.45,808.3,810.8,18698186,10473082.0,56.01
2026-07-17,HDFCBANK,808.3,819.6,817.91,17415322,10883338.0,62.49
2026-07-20,HDFCBANK,819.6,777.6,780.64,56061789,34725639.0,61.94
2026-07-21,HDFCBANK,777.6,761.45,765.46,42246009,26485261.0,62.69
2026-07-22,HDFCBANK,761.45,753.15,753.56,23385446,15379763.0,65.77
2026-07-23,HDFCBANK,753.15,747.25,746.39,32532090,21273440.0,65.39
2026-07-24,HDFCBANK,747.25,742.8,742.56,23837859,15523990.0,65.12
2026-07-27,HDFCBANK,742.8,739.55,740.88,29678752,20696690.0,69.74
2026-07-28,HDFCBANK,739.55,735.4,736.47,33886037,22542741.0,66.53
2026-07-29,HDFCBANK,735.4,748.2,747.8,20460659,13846743.0,67.67
2026-07-30,HDFCBANK,748.2,753.95,750.92,35844392,20668475.0,57.66
2026-07-31,HDFCBANK,753.95,748.15,749.63,25522483,19081002.0,74.76
2026-08-03,HDFCBANK,748.15,753.0,752.96,14827841,9318631.0,62.85
2026-04-27,HDFCLIFE,588.2,597.3,598.44,5548234,3245725.0,58.5
2026-04-28,HDFCLIFE,597.3,590.15,592.82,5604921,3798105.0,67.76
2026-04-29,HDFCLIFE,590.15,594.4,599.34,6869287,4689137.0,68.26
2026-04-30,HDFCLIFE,594.4,586.9,584.6,6234625,4166470.0,66.83
2026-05-04,HDFCLIFE,586.9,588.35,588.92,2591864,1455155.0,56.14
2026-05-05,HDFCLIFE,588.35,594.1,594.09,4081766,1976337.0,48.42
2026-05-06,HDFCLIFE,594.1,606.35,600.97,34338299,22932269.0,66.78
2026-05-07,HDFCLIFE,606.35,625.4,617.73,22416339,12212828.0,54.48
2026-05-08,HDFCLIFE,625.4,621.7,623.33,2352588,1239581.0,52.69
2026-05-11,HDFCLIFE,621.7,622.7,619.83,3739911,1874263.0,50.12
2026-05-12,HDFCLIFE,622.7,601.8,608.14,2789480,1572897.0,56.39
2026-05-13,HDFCLIFE,601.8,602.8,603.52,2288693,1321448.0,57.74
2026-05-14,HDFCLIFE,602.8,612.55,609.51,3120476,2013186.0,64.52
2026-05-15,HDFCLIFE,612.55,608.7,611.51,2900528,1577838.0,54.4
2026-05-18,HDFCLIFE,608.7,604.95,600.67,3980665,2452855.0,61.62
2026-05-19,HDFCLIFE,604.95,610.4,612.98,1778845,803274.0,45.16
2026-05-20,HDFCLIFE,610.4,605.1,607.63,3698222,2563491.0,69.32
2026-05-21,HDFCLIFE,605.1,614.35,612.06,3625135,2416372.0,66.66
2026-05-22,HDFCLIFE,614.35,616.6,617.87,3481863,2270163.0,65.2
2026-05-25,HDFCLIFE,616.6,620.0,619.33,1723876,1050438.0,60.93
2026-05-26,HDFCLIFE,620.0,618.85,620.4,2241793,1208617.0,53.91
2026-05-27,HDFCLIFE,618.85,609.6,611.92,1266431,693645.0,54.77
2026-05-29,HDFCLIFE,609.6,594.8,597.37,11094751,8025495.0,72.34
2026-06-01,HDFCLIFE,594.8,586.55,590.61,3163894,719426.0,22.74
2026-06-02,HDFCLIFE,586.55,579.9,579.92,5405229,2606425.0,48.22
2026-06-03,HDFCLIFE,579.9,574.4,574.13,2055060,1048832.0,51.04
2026-06-04,HDFCLIFE,574.4,573.75,573.68,854448,454339.0,53.17
2026-06-05,HDFCLIFE,573.75,575.3,583.39,3882527,1772648.0,45.66
2026-06-08,HDFCLIFE,575.3,564.55,566.93,2507051,1738444.0,69.34
2026-06-09,HDFCLIFE,564.55,560.6,563.14,3463876,2087375.0,60.26
2026-06-10,HDFCLIFE,560.6,549.55,554.95,3075495,2004897.0,65.19
2026-06-11,HDFCLIFE,549.55,545.25,546.23,3861386,2454184.0,63.56
2026-06-12,HDFCLIFE,545.25,555.35,551.92,2966637,1649480.0,55.6
2026-06-15,HDFCLIFE,555.35,581.2,575.57,2381721,1060281.0,44.52
2026-06-16,HDFCLIFE,581.2,574.4,574.78,2066303,817765.0,39.58
2026-06-17,HDFCLIFE,574.4,581.8,580.33,1106892,472635.0,42.7
2026-06-18,HDFCLIFE,581.8,591.3,588.89,2243668,779605.0,34.75
2026-06-19,HDFCLIFE,591.3,591.85,588.74,2678289,1327370.0,49.56
2026-06-22,HDFCLIFE,591.85,597.15,596.44,2915552,1577301.0,54.1
2026-06-23,HDFCLIFE,597.15,597.45,598.75,3300891,1750631.0,53.04
2026-06-24,HDFCLIFE,597.45,591.75,590.48,2209081,1100571.0,49.82
2026-06-25,HDFCLIFE,591.75,585.45,590.57,1537033,838853.0,54.58
2026-06-29,HDFCLIFE,585.45,583.25,583.32,4808121,2863907.0,59.56
2026-06-30,HDFCLIFE,583.25,575.85,576.74,3716670,2063882.0,55.53
2026-07-01,HDFCLIFE,575.85,569.95,569.31,6839847,4673573.0,68.33
2026-07-02,HDFCLIFE,569.95,571.35,571.99,1161547,600052.0,51.66
2026-07-03,HDFCLIFE,571.35,567.7,568.74,3165444,2006610.0,63.39
2026-07-06,HDFCLIFE,567.7,564.2,565.92,3692940,2125766.0,57.56
2026-07-07,HDFCLIFE,564.2,572.45,569.04,2585422,1371011.0,53.03
2026-07-08,HDFCLIFE,572.45,555.7,564.95,3249938,1847158.0,56.84
2026-07-09,HDFCLIFE,555.7,551.85,554.2,8590339,5797590.0,67.49
2026-07-10,HDFCLIFE,551.85,567.7,565.54,6139132,4015079.0,65.4
2026-07-13,HDFCLIFE,567.7,573.4,571.84,2309255,927547.0,40.17
2026-07-14,HDFCLIFE,573.4,555.2,557.62,6752588,4183796.0,61.96
2026-07-15,HDFCLIFE,555.2,568.75,568.23,4422146,2069280.0,46.79
2026-07-16,HDFCLIFE,568.75,567.6,566.67,7555055,2878637.0,38.1
2026-07-17,HDFCLIFE,567.6,563.65,569.77,3978771,2191557.0,55.08
2026-07-20,HDFCLIFE,563.65,564.65,563.47,1252168,613165.0,48.97
2026-07-21,HDFCLIFE,564.65,561.0,560.83,2529706,1211729.0,47.9
2026-07-22,HDFCLIFE,561.0,553.1,554.46,1766190,891373.0,50.47
2026-07-23,HDFCLIFE,553.1,550.95,550.42,2300322,1325035.0,57.6
2026-07-24,HDFCLIFE,550.95,555.05,553.73,1354038,559288.0,41.31
2026-07-27,HDFCLIFE,555.05,552.85,553.26,1368559,702341.0,51.32
2026-07-28,HDFCLIFE,552.85,558.75,556.46,1829401,964863.0,52.74
2026-07-29,HDFCLIFE,558.75,556.7,557.91,1180266,528736.0,44.8
2026-07-30,HDFCLIFE,556.7,545.4,547.63,4394541,3097507.0,70.49
2026-07-31,HDFCLIFE,545.4,548.5,546.54,11438476,7889343.0,68.97
2026-08-03,HDFCLIFE,548.5,553.1,550.91,2516331,1607861.0,63.9
2026-08-03,HEG,657.25,665.25,665.44,722406,276280.0,38.24
2026-08-03,HEMIPROP,134.32,140.0,139.61,1780008,674071.0,37.87
2026-08-03,HERITGFOOD,330.15,335.1,335.95,244425,166579.0,68.15
2026-04-27,HEROMOTOCO,4961.5,5043.0,5063.77,448144,223152.0,49.79
2026-04-28,HEROMOTOCO,5043.0,5068.0,5063.62,667998,397720.0,59.54
2026-04-29,HEROMOTOCO,5068.0,5114.5,5146.22,474261,219506.0,46.28
2026-04-30,HEROMOTOCO,5114.5,5099.0,5067.81,478138,225128.0,47.08
2026-05-04,HEROMOTOCO,5099.0,5066.5,5111.02,617748,262166.0,42.44
2026-05-05,HEROMOTOCO,5066.5,5109.0,5075.71,573411,237801.0,41.47
2026-05-06,HEROMOTOCO,5109.0,5170.0,5106.87,2717300,806455.0,29.68
2026-05-07,HEROMOTOCO,5170.0,5343.0,5359.17,1775531,669296.0,37.7
2026-05-08,HEROMOTOCO,5343.0,5322.0,5343.11,558660,241514.0,43.23
2026-05-11,HEROMOTOCO,5322.0,5228.5,5227.8,447686,191607.0,42.8
2026-05-12,HEROMOTOCO,5228.5,5082.5,5152.32,391060,197184.0,50.42
2026-05-13,HEROMOTOCO,5082.5,4995.0,5036.06,494571,239118.0,48.35
2026-05-14,HEROMOTOCO,4995.0,5077.0,4984.26,594448,211239.0,35.54
2026-05-15,HEROMOTOCO,5077.0,5064.5,5091.32,425856,180029.0,42.27
2026-05-18,HEROMOTOCO,5064.5,4957.0,4954.52,434446,231400.0,53.26
2026-05-19,HEROMOTOCO,4957.0,5007.5,4999.53,560327,304662.0,54.37
2026-05-20,HEROMOTOCO,5007.5,4968.0,4964.02,416572,186587.0,44.79
2026-05-21,HEROMOTOCO,4968.0,4969.5,4983.5,335986,145800.0,43.39
2026-05-22,HEROMOTOCO,4969.5,4966.0,4981.69,284550,113390.0,39.85
2026-05-25,HEROMOTOCO,4966.0,4979.0,4991.0,445788,209692.0,47.04
2026-05-26,HEROMOTOCO,4979.0,4983.0,4987.78,413024,214904.0,52.03
2026-05-27,HEROMOTOCO,4983.0,5075.0,5044.28,460843,228058.0,49.49
2026-05-29,HEROMOTOCO,5075.0,4903.0,4944.06,1648645,1081382.0,65.59
2026-06-01,HEROMOTOCO,4903.0,4819.9,4827.0,856536,351346.0,41.02
2026-06-02,HEROMOTOCO,4819.9,4875.0,4839.51,703263,385554.0,54.82
2026-06-03,HEROMOTOCO,4875.0,4840.9,4844.33,571637,324412.0,56.75
2026-06-04,HEROMOTOCO,4840.9,4882.3,4910.95,783946,357129.0,45.56
2026-06-05,HEROMOTOCO,4882.3,4835.0,4836.81,654540,316596.0,48.37
2026-06-08,HEROMOTOCO,4835.0,4775.5,4799.76,296366,169438.0,57.17
2026-06-09,HEROMOTOCO,4775.5,4855.4,4824.54,481952,280730.0,58.25
2026-06-10,HEROMOTOCO,4855.4,4856.7,4905.37,632203,295014.0,46.66
2026-06-11,HEROMOTOCO,4856.7,4836.2,4842.92,365084,196122.0,53.72
2026-06-12,HEROMOTOCO,4836.2,4962.6,4924.35,435472,203347.0,46.7
2026-06-15,HEROMOTOCO,4962.6,5024.0,5039.13,575605,234801.0,40.79
2026-06-16,HEROMOTOCO,5024.0,5031.0,5029.57,456693,298471.0,65.35
2026-06-17,HEROMOTOCO,5031.0,5016.4,5006.62,354200,194924.0,55.03
2026-06-18,HEROMOTOCO,5016.4,5021.6,5011.56,357138,183416.0,51.36
2026-06-19,HEROMOTOCO,5021.6,4974.9,4970.86,461353,243817.0,52.85
2026-06-22,HEROMOTOCO,4974.9,4983.7,4995.8,569422,318240.0,55.89
2026-06-23,HEROMOTOCO,4983.7,4974.6,4980.02,332377,167375.0,50.36
2026-06-24,HEROMOTOCO,4974.6,4897.2,4919.88,554117,306037.0,55.23
2026-06-25,HEROMOTOCO,4897.2,4896.1,4978.5,1282928,612711.0,47.76
2026-06-29,HEROMOTOCO,4896.1,4813.6,4820.21,3355142,2640573.0,78.7
2026-06-30,HEROMOTOCO,4813.6,4794.3,4772.55,1121686,550389.0,49.07
2026-07-01,HEROMOTOCO,4794.3,4834.9,4831.8,820162,410876.0,50.1
2026-07-02,HEROMOTOCO,4834.9,4867.1,4841.17,775927,431364.0,55.59
2026-07-03,HEROMOTOCO,4867.1,4852.6,4859.33,507590,242335.0,47.74
2026-07-06,HEROMOTOCO,4852.6,4944.4,4909.66,629194,331381.0,52.67
2026-07-07,HEROMOTOCO,4944.4,4995.4,4992.9,676040,346539.0,51.26
2026-07-08,HEROMOTOCO,4995.4,4892.8,4920.22,888966,477045.0,53.66
2026-07-09,HEROMOTOCO,4892.8,4898.5,4889.49,534195,307355.0,57.54
2026-07-10,HEROMOTOCO,4898.5,4949.1,4931.26,686707,392643.0,57.18
2026-07-13,HEROMOTOCO,4949.1,4952.1,4926.41,508201,268937.0,52.92
2026-07-14,HEROMOTOCO,4952.1,4878.3,4906.48,680383,440385.0,64.73
2026-07-15,HEROMOTOCO,4878.3,4876.2,4913.07,596432,279334.0,46.83
2026-07-16,HEROMOTOCO,4876.2,4898.0,4900.61,289732,139313.0,48.08
2026-07-17,HEROMOTOCO,4898.0,4909.9,4897.6,434144,206707.0,47.61
2026-07-20,HEROMOTOCO,4909.9,4977.7,4944.22,352274,195810.0,55.58
2026-07-21,HEROMOTOCO,4977.7,5034.1,5016.48,554172,268983.0,48.54
2026-07-22,HEROMOTOCO,5034.1,4987.1,5042.73,877166,398361.0,45.41
2026-07-23,HEROMOTOCO,4987.1,5173.8,5151.22,1603396,749539.0,46.75
2026-07-24,HEROMOTOCO,5173.8,5011.1,5028.87,694927,318072.0,45.77
2026-07-27,HEROMOTOCO,5011.1,5113.8,5095.11,564495,328329.0,58.16
2026-07-28,HEROMOTOCO,5113.8,5154.3,5148.87,633759,374388.0,59.07
2026-07-29,HEROMOTOCO,5154.3,5149.1,5183.52,682570,370574.0,54.29
2026-07-30,HEROMOTOCO,5149.1,5325.0,5306.47,1368741,651367.0,47.59
2026-07-31,HEROMOTOCO,5325.0,5386.0,5362.03,769470,441984.0,57.44
2026-08-03,HEROMOTOCO,5386.0,5460.0,5431.8,602971,332038.0,55.07
2026-08-03,HEXT,561.65,559.85,556.12,676648,297145.0,43.91
2026-08-03,HFCL,193.92,202.52,201.57,39140552,14740906.0,37.66
2026-08-03,HGINFRA,538.55,546.85,544.73,48918,27065.0,55.33
2026-04-27,HINDALCO,1048.35,1061.8,1059.74,4241483,2399329.0,56.57
2026-04-28,HINDALCO,1061.8,1074.3,1071.51,7798496,5224193.0,66.99
2026-04-29,HINDALCO,1074.3,1067.2,1068.15,3710080,2018478.0,54.41
2026-04-30,HINDALCO,1067.2,1038.0,1044.43,4392857,2482621.0,56.51
2026-05-04,HINDALCO,1038.0,1042.7,1042.4,3349359,1984710.0,59.26
2026-05-05,HINDALCO,1042.7,1054.7,1049.67,4580696,2545851.0,55.58
2026-05-06,HINDALCO,1054.7,1045.8,1056.49,5336857,3225624.0,60.44
2026-05-07,HINDALCO,1045.8,1055.7,1054.37,4290514,2724663.0,63.5
2026-05-08,HINDALCO,1055.7,1044.4,1044.56,3065690,1805930.0,58.91
2026-05-11,HINDALCO,1044.4,1023.5,1030.75,3746752,2353652.0,62.82
2026-05-12,HINDALCO,1023.5,1041.4,1043.34,4323348,2089150.0,48.32
2026-05-13,HINDALCO,1041.4,1073.1,1069.25,5341453,2266197.0,42.43
2026-05-14,HINDALCO,1073.1,1103.3,1097.45,4920811,2561005.0,52.04
2026-05-15,HINDALCO,1103.3,1067.5,1075.04,6800905,4037718.0,59.37
2026-05-18,HINDALCO,1067.5,1053.1,1051.23,4023849,2311603.0,57.45
2026-05-19,HINDALCO,1053.1,1048.3,1047.35,3674289,2127999.0,57.92
2026-05-20,HINDALCO,1048.3,1085.5,1080.73,11945517,5946263.0,49.78
2026-05-21,HINDALCO,1085.5,1099.3,1099.56,4584559,2253093.0,49.15
2026-05-22,HINDALCO,1099.3,1109.2,1102.79,4136312,2346479.0,56.73
2026-05-25,HINDALCO,1109.2,1099.6,1092.3,7677225,3344239.0,43.56
2026-05-26,HINDALCO,1099.6,1103.8,1107.7,5880899,3142802.0,53.44
2026-05-27,HINDALCO,1103.8,1149.7,1145.84,7559470,2820642.0,37.31
2026-05-29,HINDALCO,1149.7,1126.7,1134.19,11987286,7712622.0,64.34
2026-06-01,HINDALCO,1126.7,1141.3,1138.52,6934532,2362883.0,34.07
2026-06-02,HINDALCO,1141.3,1146.3,1150.86,5325199,2909398.0,54.63
2026-06-03,HINDALCO,1146.3,1138.9,1139.78,4865978,2806419.0,57.67
2026-06-04,HINDALCO,1138.9,1125.6,1128.33,3868557,2347975.0,60.69
2026-06-05,HINDALCO,1125.6,1092.6,1100.11,4546693,2330851.0,51.26
2026-06-08,HINDALCO,1092.6,1062.4,1067.52,4879594,2626885.0,53.83
2026-06-09,HINDALCO,1062.4,1076.7,1071.03,5880133,3601476.0,61.25
2026-06-10,HINDALCO,1076.7,1039.3,1044.09,8048339,4468088.0,55.52
2026-06-11,HINDALCO,1039.3,1024.3,1029.62,6664493,4211636.0,63.2
2026-06-12,HINDALCO,1024.3,1021.6,1024.31,9388824,5727151.0,61.0
2026-06-15,HINDALCO,1021.6,1013.9,1020.22,8474101,5416491.0,63.92
2026-06-16,HINDALCO,1013.9,982.4,978.46,11200461,5611041.0,50.1
2026-06-17,HINDALCO,982.4,1007.9,994.29,10853418,6403738.0,59.0
2026-06-18,HINDALCO,1007.9,1008.5,1008.11,6184717,3424012.0,55.36
2026-06-19,HINDALCO,1008.5,1010.0,1008.02,6013455,3377930.0,56.17
2026-06-22,HINDALCO,1010.0,1014.2,1011.76,4244908,2546826.0,60.0
2026-06-23,HINDALCO,1014.2,986.8,986.89,7191224,4335456.0,60.29
2026-06-24,HINDALCO,986.8,976.6,979.71,5029316,3026679.0,60.18
2026-06-25,HINDALCO,976.6,953.2,959.26,12155741,8052657.0,66.25
2026-06-29,HINDALCO,953.2,963.8,965.39,9499504,5892111.0,62.03
2026-06-30,HINDALCO,963.8,956.6,957.5,8514541,5475967.0,64.31
2026-07-01,HINDALCO,956.6,939.7,943.9,5637215,3366250.0,59.71
2026-07-02,HINDALCO,939.7,949.2,952.01,3505234,1664492.0,47.49
2026-07-03,HINDALCO,949.2,953.2,964.93,3352734,1081814.0,32.27
2026-07-06,HINDALCO,953.2,980.4,975.21,4642287,2677161.0,57.67
2026-07-07,HINDALCO,980.4,969.5,969.79,4411767,2668904.0,60.5
2026-07-08,HINDALCO,969.5,971.65,972.7,6547101,3393002.0,51.82
2026-07-09,HINDALCO,971.65,963.45,961.65,6043658,3719579.0,61.55
2026-07-10,HINDALCO,963.45,967.45,972.98,5859033,3272288.0,55.85
2026-07-13,HINDALCO,967.45,966.85,962.95,4070887,2387131.0,58.64
2026-07-14,HINDALCO,966.85,974.3,982.99,8061017,3662031.0,45.43
2026-07-15,HINDALCO,974.3,955.8,961.32,5279138,3371206.0,63.86
2026-07-16,HINDALCO,955.8,959.3,962.89,3388958,1993457.0,58.82
2026-07-17,HINDALCO,959.3,944.15,946.74,4222686,2405433.0,56.96
2026-07-20,HINDALCO,944.15,947.8,950.69,3996887,2290987.0,57.32
2026-07-21,HINDALCO,947.8,951.4,947.98,4965762,3177452.0,63.99
2026-07-22,HINDALCO,951.4,950.0,949.69,4055709,2477530.0,61.09
2026-07-23,HINDALCO,950.0,955.65,956.48,4722307,2689217.0,56.95
2026-07-24,HINDALCO,955.65,942.8,943.91,4494329,3194664.0,71.08
2026-07-27,HINDALCO,942.8,945.25,947.34,2035425,1229911.0,60.43
2026-07-28,HINDALCO,945.25,936.4,939.18,3835947,2316808.0,60.4
2026-07-29,HINDALCO,936.4,962.45,956.13,2939377,1565877.0,53.27
2026-07-30,HINDALCO,962.45,970.4,967.07,4259226,2368732.0,55.61
2026-07-31,HINDALCO,970.4,974.45,979.6,5579336,3267448.0,58.56
2026-08-03,HINDALCO,974.45,994.9,988.46,5617219,3440039.0,61.24
2026-08-03,HINDCOPPER,491.6,495.05,494.75,2755226,1218430.0,44.22
2026-08-03,HINDPETRO,389.75,395.0,395.34,4909326,2557733.0,52.1
2026-04-27,HINDUNILVR,2327.3,2328.3,2338.25,1099681,602597.0,54.8
2026-04-28,HINDUNILVR,2328.3,2289.5,2303.11,1629120,944223.0,57.96
2026-04-29,HINDUNILVR,2289.5,2314.4,2321.41,1778765,1034365.0,58.15
2026-04-30,HINDUNILVR,2314.4,2250.9,2280.18,4434979,1433314.0,32.32
2026-05-04,HINDUNILVR,2250.9,2309.3,2327.93,2554255,1105244.0,43.27
2026-05-05,HINDUNILVR,2309.3,2327.4,2317.37,1741424,1002965.0,57.59
2026-05-06,HINDUNILVR,2327.4,2317.1,2306.6,1196175,562736.0,47.04
2026-05-07,HINDUNILVR,2317.1,2272.2,2281.47,1859012,1015507.0,54.63
2026-05-08,HINDUNILVR,2272.2,2287.7,2284.18,1104526,640761.0,58.01
2026-05-11,HINDUNILVR,2287.7,2307.2,2300.47,1903862,1171665.0,61.54
2026-05-12,HINDUNILVR,2307.2,2262.0,2280.53,983506,503163.0,51.16
2026-05-13,HINDUNILVR,2262.0,2267.3,2273.56,1308559,691910.0,52.88
2026-05-14,HINDUNILVR,2267.3,2248.7,2257.02,1380764,875529.0,63.41
2026-05-15,HINDUNILVR,2248.7,2272.2,2277.53,1038522,523538.0,50.41
2026-05-18,HINDUNILVR,2272.2,2254.2,2243.37,1118204,625461.0,55.93
2026-05-19,HINDUNILVR,2254.2,2232.9,2249.14,1145022,720474.0,62.92
2026-05-20,HINDUNILVR,2232.9,2209.3,2212.3,1071994,652924.0,60.91
2026-05-21,HINDUNILVR,2209.3,2179.0,2191.06,1581812,921424.0,58.25
2026-05-22,HINDUNILVR,2179.0,2203.6,2203.81,1382889,941079.0,68.05
2026-05-25,HINDUNILVR,2203.6,2196.5,2210.65,780722,454079.0,58.16
2026-05-26,HINDUNILVR,2196.5,2209.4,2204.16,2302703,1503307.0,65.28
2026-05-27,HINDUNILVR,2209.4,2198.4,2198.96,616538,267448.0,43.38
2026-05-29,HINDUNILVR,2198.4,2153.5,2155.81,17701621,12077857.0,68.23
2026-06-01,HINDUNILVR,2153.5,2084.3,2105.96,1470488,845237.0,57.48
2026-06-02,HINDUNILVR,2084.3,2093.7,2082.49,2148903,1323879.0,61.61
2026-06-03,HINDUNILVR,2093.7,2090.6,2086.29,1544973,967562.0,62.63
2026-06-04,HINDUNILVR,2090.6,2079.4,2089.25,2142735,1511243.0,70.53
2026-06-05,HINDUNILVR,2079.4,2121.5,2108.79,1822999,1151996.0,63.19
2026-06-08,HINDUNILVR,2121.5,2110.1,2109.17,1601497,1050206.0,65.58
2026-06-09,HINDUNILVR,2110.1,2132.8,2127.29,1460636,942538.0,64.53
2026-06-10,HINDUNILVR,2132.8,2169.5,2183.22,2325534,855695.0,36.8
2026-06-11,HINDUNILVR,2169.5,2139.8,2147.28,1178896,696812.0,59.11
2026-06-12,HINDUNILVR,2139.8,2168.8,2161.45,1156153,606591.0,52.47
2026-06-15,HINDUNILVR,2168.8,2156.1,2168.04,1439449,1021714.0,70.98
2026-06-16,HINDUNILVR,2156.1,2199.9,2193.42,1337309,683840.0,51.14
2026-06-17,HINDUNILVR,2199.9,2197.6,2201.33,1511401,894218.0,59.16
2026-06-18,HINDUNILVR,2197.6,2218.5,2210.21,1120482,586406.0,52.34
2026-06-19,HINDUNILVR,2218.5,2194.6,2193.31,1508994,941836.0,62.41
2026-06-22,HINDUNILVR,2194.6,2184.9,2189.27,765860,525131.0,68.57
2026-06-23,HINDUNILVR,2184.9,2160.1,2165.87,710082,397387.0,55.96
2026-06-24,HINDUNILVR,2160.1,2157.8,2155.64,942271,606725.0,64.39
2026-06-25,HINDUNILVR,2157.8,2174.2,2182.81,1898262,1138923.0,60.0
2026-06-29,HINDUNILVR,2174.2,2151.3,2161.18,1423514,1031938.0,72.49
2026-06-30,HINDUNILVR,2151.3,2118.2,2121.77,2364422,1510961.0,63.9
2026-07-01,HINDUNILVR,2118.2,2182.0,2169.78,2497576,1377074.0,55.14
2026-07-02,HINDUNILVR,2182.0,2210.6,2200.55,2585362,1522477.0,58.89
2026-07-03,HINDUNILVR,2210.6,2201.2,2207.4,1536616,908281.0,59.11
2026-07-06,HINDUNILVR,2201.2,2202.0,2205.23,2131061,1335513.0,62.67
2026-07-07,HINDUNILVR,2202.0,2208.8,2207.54,2552492,1662776.0,65.14
2026-07-08,HINDUNILVR,2208.8,2135.8,2157.66,1326689,786310.0,59.27
2026-07-09,HINDUNILVR,2135.8,2144.5,2152.09,2201039,1238648.0,56.28
2026-07-10,HINDUNILVR,2144.5,2150.6,2154.39,1665179,1069317.0,64.22
2026-07-13,HINDUNILVR,2150.6,2130.6,2128.77,1833988,1049040.0,57.2
2026-07-14,HINDUNILVR,2130.6,2120.2,2127.5,2681897,1505679.0,56.14
2026-07-15,HINDUNILVR,2120.2,2102.6,2101.57,2029614,1129638.0,55.66
2026-07-16,HINDUNILVR,2102.6,2098.4,2106.98,2143092,1390668.0,64.89
2026-07-17,HINDUNILVR,2098.4,2143.8,2135.89,1059832,385833.0,36.41
2026-07-20,HINDUNILVR,2143.8,2139.7,2137.34,689849,400198.0,58.01
2026-07-21,HINDUNILVR,2139.7,2142.5,2139.6,1032417,645322.0,62.51
2026-07-22,HINDUNILVR,2142.5,2154.6,2150.77,819175,462005.0,56.4
2026-07-23,HINDUNILVR,2154.6,2161.8,2158.33,833281,460908.0,55.31
2026-07-24,HINDUNILVR,2161.8,2145.0,2144.53,1603494,1010034.0,62.99
2026-07-27,HINDUNILVR,2145.0,2174.6,2173.42,698681,395930.0,56.67
2026-07-28,HINDUNILVR,2174.6,2022.7,2073.45,9947304,5235302.0,52.63
2026-07-29,HINDUNILVR,2022.7,2117.8,2098.18,5183374,2685428.0,51.81
2026-07-30,HINDUNILVR,2117.8,2107.9,2105.32,2602039,1531218.0,58.85
2026-07-31,HINDUNILVR,2107.9,2101.3,2101.13,1759019,1384527.0,78.71
2026-08-03,HINDUNILVR,2101.3,2138.0,2118.29,740649,408916.0,55.21
2026-08-03,HINDZINC,539.2,547.0,547.11,2640411,1245640.0,47.18
2026-08-03,HOMEFIRST,1189.0,1170.2,1189.1,114585,60939.0,53.18
2026-08-03,HONASA,449.55,458.2,453.7,725342,357166.0,49.24
2026-08-03,HONAUT,38155.0,38570.0,38698.92,3672,1397.0,38.04
2026-08-03,HSCL,750.65,750.65,748.83,3225995,832656.0,25.81
2026-08-03,HUDCO,195.1,199.38,198.53,2281853,1116344.0,48.92
2026-08-03,HYUNDAI,2180.7,2207.0,2218.87,1774484,781849.0,44.06
2026-08-03,ICICIAMC,3115.9,3099.1,3105.52,322476,223911.0,69.43
2026-04-27,ICICIBANK,1326.2,1314.1,1319.21,15385625,10123366.0,65.8
2026-04-28,ICICIBANK,1314.1,1292.0,1300.34,16774778,8021364.0,47.82
2026-04-29,ICICIBANK,1292.0,1281.0,1287.47,11716030,7165480.0,61.16
2026-04-30,ICICIBANK,1281.0,1263.4,1264.67,17740110,8202254.0,46.24
2026-05-04,ICICIBANK,1263.4,1270.8,1273.13,14597051,9584278.0,65.66
2026-05-05,ICICIBANK,1270.8,1251.3,1252.12,24447935,12474285.0,51.02
2026-05-06,ICICIBANK,1251.3,1279.5,1268.87,22909586,14357538.0,62.67
2026-05-07,ICICIBANK,1279.5,1279.0,1282.68,25028552,8764222.0,35.02
2026-05-08,ICICIBANK,1279.0,1264.8,1266.0,11137424,7574037.0,68.01
2026-05-11,ICICIBANK,1264.8,1266.4,1267.94,18980488,12590590.0,66.33
2026-05-12,ICICIBANK,1266.4,1240.3,1244.35,21110708,8970204.0,42.49
2026-05-13,ICICIBANK,1240.3,1235.6,1238.85,19490295,12949692.0,66.44
2026-05-14,ICICIBANK,1235.6,1246.0,1248.25,16535600,7636964.0,46.18
2026-05-15,ICICIBANK,1246.0,1244.5,1247.98,11745614,7703623.0,65.59
2026-05-18,ICICIBANK,1244.5,1251.1,1243.71,13918850,9092626.0,65.33
2026-05-19,ICICIBANK,1251.1,1240.8,1236.56,38929053,26199158.0,67.3
2026-05-20,ICICIBANK,1240.8,1237.3,1232.55,14953103,10326267.0,69.06
2026-05-21,ICICIBANK,1237.3,1242.8,1242.5,14394386,6472295.0,44.96
2026-05-22,ICICIBANK,1242.8,1264.3,1264.35,11601085,8081560.0,69.66
2026-05-25,ICICIBANK,1264.3,1291.8,1282.46,13853923,9700400.0,70.02
2026-05-26,ICICIBANK,1291.8,1279.1,1287.57,18400405,8032540.0,43.65
2026-05-27,ICICIBANK,1279.1,1272.7,1277.96,18366272,7601863.0,41.39
2026-05-29,ICICIBANK,1272.7,1256.4,1263.53,31007884,21843321.0,70.44
2026-06-01,ICICIBANK,1256.4,1239.7,1245.36,9911975,4668973.0,47.1
2026-06-02,ICICIBANK,1239.7,1226.6,1229.0,17920892,6015568.0,33.57
2026-06-03,ICICIBANK,1226.6,1242.0,1231.5,13934754,6710297.0,48.16
2026-06-04,ICICIBANK,1242.0,1251.7,1251.91,19461560,9460712.0,48.61
2026-06-05,ICICIBANK,1251.7,1262.1,1258.93,10166393,6097001.0,59.97
2026-06-08,ICICIBANK,1262.1,1250.2,1249.97,10714196,6148727.0,57.39
2026-06-09,ICICIBANK,1250.2,1275.0,1271.49,22368579,12042919.0,53.84
2026-06-10,ICICIBANK,1275.0,1293.3,1294.82,25951584,17041675.0,65.67
2026-06-11,ICICIBANK,1293.3,1317.0,1316.68,35919374,24033028.0,66.91
2026-06-12,ICICIBANK,1317.0,1340.8,1333.0,18339846,14026255.0,76.48
2026-06-15,ICICIBANK,1340.8,1327.6,1339.75,16172921,11052408.0,68.34
2026-06-16,ICICIBANK,1327.6,1334.3,1331.53,13069159,5509490.0,42.16
2026-06-17,ICICIBANK,1334.3,1336.8,1338.65,8026424,4704112.0,58.61
2026-06-18,ICICIBANK,1336.8,1342.3,1340.81,13467985,6036352.0,44.82
2026-06-19,ICICIBANK,1342.3,1346.5,1346.35,9057322,5876183.0,64.88
2026-06-22,ICICIBANK,1346.5,1352.4,1355.63,4814845,2714882.0,56.39
2026-06-23,ICICIBANK,1352.4,1338.3,1352.91,11884879,6420307.0,54.02
2026-06-24,ICICIBANK,1338.3,1373.6,1369.98,16440708,10967448.0,66.71
2026-06-25,ICICIBANK,1373.6,1387.5,1390.64,17173209,10490930.0,61.09
2026-06-29,ICICIBANK,1387.5,1387.6,1389.31,13249405,10075322.0,76.04
2026-06-30,ICICIBANK,1387.6,1375.2,1377.88,18398057,8942551.0,48.61
2026-07-01,ICICIBANK,1375.2,1379.8,1377.17,11948034,7838052.0,65.6
2026-07-02,ICICIBANK,1379.8,1400.0,1395.35,15779429,9746817.0,61.77
2026-07-03,ICICIBANK,1400.0,1411.4,1412.3,12901785,9666469.0,74.92
2026-07-06,ICICIBANK,1411.4,1426.9,1425.91,12306949,8785953.0,71.39
2026-07-07,ICICIBANK,1426.9,1414.7,1421.4,15664178,9647392.0,61.59
2026-07-08,ICICIBANK,1414.7,1380.6,1396.85,10573142,5920791.0,56.0
2026-07-09,ICICIBANK,1380.6,1380.7,1386.99,13948838,6826230.0,48.94
2026-07-10,ICICIBANK,1380.7,1401.2,1402.11,6409645,4093220.0,63.86
2026-07-13,ICICIBANK,1401.2,1409.5,1403.36,10091437,5684221.0,56.33
2026-07-14,ICICIBANK,1409.5,1407.7,1404.33,14133017,7896949.0,55.88
2026-07-15,ICICIBANK,1407.7,1416.2,1418.03,12961648,8843263.0,68.23
2026-07-16,ICICIBANK,1416.2,1418.2,1413.86,10165264,5516502.0,54.27
2026-07-17,ICICIBANK,1418.2,1444.3,1438.3,11112550,6835725.0,61.51
2026-07-20,ICICIBANK,1444.3,1460.2,1457.49,22236415,13622393.0,61.26
2026-07-21,ICICIBANK,1460.2,1463.1,1463.91,18269907,12974619.0,71.02
2026-07-22,ICICIBANK,1463.1,1440.7,1444.85,8345136,6143864.0,73.62
2026-07-23,ICICIBANK,1440.7,1434.6,1435.23,12409328,8491180.0,68.43
2026-07-24,ICICIBANK,1434.6,1432.9,1428.15,10870914,8246114.0,75.85
2026-07-27,ICICIBANK,1432.9,1445.7,1439.49,10608300,7110516.0,67.03
2026-07-28,ICICIBANK,1445.7,1430.8,1431.3,19486209,10305281.0,52.88
2026-07-29,ICICIBANK,1430.8,1437.9,1438.32,10856166,7381756.0,68.0
2026-07-30,ICICIBANK,1437.9,1433.9,1430.78,14141173,6425371.0,45.44
2026-07-31,ICICIBANK,1433.9,1435.4,1434.95,8752440,5861291.0,66.97
2026-08-03,ICICIBANK,1435.4,1460.0,1445.87,7706747,5215640.0,67.68
2026-08-03,ICICIGI,1623.7,1675.0,1653.7,908054,559024.0,61.56
2026-08-03,ICICIPRULI,515.4,522.35,518.65,2151448,1415475.0,65.79
2026-08-03,ICIL,401.25,409.7,408.91,487006,249713.0,51.28
2026-08-03,IDBI,83.75,84.71,85.29,4244574,1717293.0,40.46
2026-08-03,IDEA,13.01,12.86,12.98,235409728,56422518.0,23.97
2026-08-03,IDFCFIRSTB,84.68,86.0,85.43,12814087,5434561.0,42.41
2026-08-03,IEX,132.24,128.0,128.23,18350173,4264561.0,23.24
2026-08-03,IFBIND,1315.7,1354.0,1344.22,70710,40554.0,57.35
2026-08-03,IFCI,76.54,77.31,77.84,20352925,5965384.0,29.31
2026-08-03,IGIL,353.45,364.95,365.21,1356968,805652.0,59.37
2026-08-03,IGL,151.98,156.17,155.24,1720749,1000554.0,58.15
2026-08-03,IIFL,608.65,617.85,611.95,2681421,1385302.0,51.66
2026-08-03,IIFLCAPS,337.8,336.65,336.12,293307,193701.0,66.04
2026-08-03,IKS,1848.9,1846.4,1846.15,61283,33302.0,54.34
2026-08-03,IMFA,1448.6,1492.0,1481.59,229842,124601.0,54.21
2026-08-03,INDGN,515.15,545.25,539.96,1886714,791315.0,41.94
2026-08-03,INDHOTEL,738.55,752.0,744.88,1980772,1095892.0,55.33
2026-08-03,INDIACEM,398.0,390.95,393.19,195037,93098.0,47.73
2026-08-03,INDIAGLYCO,1147.45,1145.2,1153.44,110002,61512.0,55.92
2026-08-03,INDIAMART,1799.8,1798.6,1808.93,165345,104008.0,62.9
2026-08-03,INDIANB,836.5,845.0,847.1,1497239,584681.0,39.05
2026-08-03,INDIASHLTR,726.5,726.5,731.71,98972,55377.0,55.95
2026-08-03,INDIGO,5171.0,5400.0,5356.46,990927,315451.0,31.83
2026-08-03,INDIGOPNTS,1111.8,1087.4,1097.09,48464,27764.0,57.29
2026-04-27,INDUSINDBK,847.95,900.15,888.7,11254307,5356619.0,47.6
2026-04-28,INDUSINDBK,900.15,885.55,889.4,5748485,3727765.0,64.85
2026-04-29,INDUSINDBK,885.55,913.75,913.73,3485256,1226500.0,35.19
2026-04-30,INDUSINDBK,913.75,916.05,910.04,3438569,1573394.0,45.76
2026-05-04,INDUSINDBK,916.05,913.9,926.92,1973688,884189.0,44.8
2026-05-05,INDUSINDBK,913.9,910.7,911.73,2006111,1051102.0,52.4
2026-05-06,INDUSINDBK,910.7,946.75,932.06,2901974,1554602.0,53.57
2026-05-07,INDUSINDBK,946.75,946.95,945.08,2007411,922800.0,45.97
2026-05-08,INDUSINDBK,946.95,950.75,948.25,1604266,801676.0,49.97
2026-05-11,INDUSINDBK,950.75,922.3,926.27,1584134,533565.0,33.68
2026-05-12,INDUSINDBK,922.3,892.85,899.7,1374763,509347.0,37.05
2026-05-13,INDUSINDBK,892.85,892.5,899.87,1428120,695680.0,48.71
2026-05-14,INDUSINDBK,892.5,907.9,904.99,1862991,760629.0,40.83
2026-05-15,INDUSINDBK,907.9,886.4,895.21,1437283,563782.0,39.23
2026-05-18,INDUSINDBK,886.4,892.15,885.09,1421988,626015.0,44.02
2026-05-19,INDUSINDBK,892.15,895.25,896.81,1303728,541161.0,41.51
2026-05-20,INDUSINDBK,895.25,897.15,889.05,2947978,1488164.0,50.48
2026-05-21,INDUSINDBK,897.15,899.95,900.15,2144884,1093295.0,50.97
2026-05-22,INDUSINDBK,899.95,910.15,909.81,1165558,450196.0,38.62
2026-05-25,INDUSINDBK,910.15,926.1,926.63,1193834,490337.0,41.07
2026-05-26,INDUSINDBK,926.1,932.3,927.7,2323571,710701.0,30.59
2026-05-27,INDUSINDBK,932.3,932.3,933.63,1088920,280230.0,25.73
2026-05-29,INDUSINDBK,932.3,914.35,919.0,3160610,1983137.0,62.75
2026-06-01,INDUSINDBK,914.35,901.15,906.06,1597794,824438.0,51.6
2026-06-02,INDUSINDBK,901.15,912.5,907.21,1756559,844313.0,48.07
2026-06-03,INDUSINDBK,912.5,899.95,893.63,2302274,789932.0,34.31
2026-06-04,INDUSINDBK,899.95,903.2,900.97,1798199,942417.0,52.41
2026-06-05,INDUSINDBK,903.2,904.8,910.35,1890312,570139.0,30.16
2026-06-08,INDUSINDBK,904.8,895.05,894.62,1864831,773420.0,41.47
2026-06-09,INDUSINDBK,895.05,922.8,916.38,1694676,550580.0,32.49
2026-06-10,INDUSINDBK,922.8,883.95,898.28,1993081,877851.0,44.04
2026-06-11,INDUSINDBK,883.95,888.95,891.19,1768283,778857.0,44.05
2026-06-12,INDUSINDBK,888.95,917.35,902.98,2663666,1251410.0,46.98
2026-06-15,INDUSINDBK,917.35,933.2,937.07,3037001,1215893.0,40.04
2026-06-16,INDUSINDBK,933.2,926.0,927.69,1602315,790108.0,49.31
2026-06-17,INDUSINDBK,926.0,936.2,930.77,1193109,442498.0,37.09
2026-06-18,INDUSINDBK,936.2,938.75,937.15,1007080,383680.0,38.1
2026-06-19,INDUSINDBK,938.75,947.45,945.02,6521623,4396070.0,67.41
2026-06-22,INDUSINDBK,947.45,921.05,931.15,3031578,1801045.0,59.41
2026-06-23,INDUSINDBK,921.05,905.45,909.92,1163601,581313.0,49.96
2026-06-24,INDUSINDBK,905.45,927.6,921.37,1793188,736887.0,41.09
2026-06-25,INDUSINDBK,927.6,918.95,927.3,1469160,672624.0,45.78
2026-06-29,INDUSINDBK,918.95,915.4,915.66,3346498,2283828.0,68.25
2026-06-30,INDUSINDBK,915.4,924.2,925.8,2515841,1030003.0,40.94
2026-07-01,INDUSINDBK,924.2,941.6,940.22,2290915,1127192.0,49.2
2026-07-02,INDUSINDBK,941.6,943.5,938.91,1177319,581439.0,49.39
2026-07-03,INDUSINDBK,943.5,974.35,963.06,3819865,1532532.0,40.12
2026-07-06,INDUSINDBK,974.35,1009.8,997.05,4977371,2225015.0,44.7
2026-07-07,INDUSINDBK,1009.8,1022.25,1024.47,5804915,3449081.0,59.42
2026-07-08,INDUSINDBK,1022.25,994.65,1014.38,3903183,2035610.0,52.15
2026-07-09,INDUSINDBK,994.65,1015.15,1013.79,1952468,1050310.0,53.79
2026-07-10,INDUSINDBK,1015.15,1015.8,1020.18,1084109,422011.0,38.93
2026-07-13,INDUSINDBK,1015.8,1012.9,1011.3,862018,358248.0,41.56
2026-07-14,INDUSINDBK,1012.9,997.35,999.49,767488,317330.0,41.35
2026-07-15,INDUSINDBK,997.35,1009.7,1012.82,1491258,686087.0,46.01
2026-07-16,INDUSINDBK,1009.7,1013.5,1011.73,695548,306399.0,44.05
2026-07-17,INDUSINDBK,1013.5,1027.2,1024.72,2257757,1231386.0,54.54
2026-07-20,INDUSINDBK,1027.2,1032.85,1026.55,1686017,786588.0,46.65
2026-07-21,INDUSINDBK,1032.85,1063.45,1059.29,5124543,2310161.0,45.08
2026-07-22,INDUSINDBK,1063.45,1069.3,1066.88,5069159,2625590.0,51.8
2026-07-23,INDUSINDBK,1069.3,1005.5,1012.63,7505583,2687005.0,35.8
2026-07-24,INDUSINDBK,1005.5,996.05,994.78,1995292,665959.0,33.38
2026-07-27,INDUSINDBK,996.05,1006.65,1007.2,1979222,1004700.0,50.76
2026-07-28,INDUSINDBK,1006.65,991.95,995.51,1643112,734458.0,44.7
2026-07-29,INDUSINDBK,991.95,1012.3,1007.03,1232625,645719.0,52.39
2026-07-30,INDUSINDBK,1012.3,1011.45,1006.81,1237239,482548.0,39.0
2026-07-31,INDUSINDBK,1011.45,1012.45,1010.25,2922821,1878781.0,64.28
2026-08-03,INDUSINDBK,1012.45,1028.9,1019.65,887652,430526.0,48.5
2026-08-03,INDUSTOWER,391.1,395.3,394.7,2253714,899362.0,39.91
2026-04-27,INFY,1154.6,1170.3,1172.14,19579883,12726126.0,65.0
2026-04-28,INFY,1170.3,1152.1,1155.41,12720276,6123998.0,48.14
2026-04-29,INFY,1152.1,1167.5,1170.79,8303109,4421835.0,53.26
2026-04-30,INFY,1167.5,1181.8,1178.22,12205669,5251658.0,43.03
2026-05-04,INFY,1181.8,1168.4,1175.3,7735811,4258976.0,55.06
2026-05-05,INFY,1168.4,1178.1,1174.9,8164108,3179505.0,38.94
2026-05-06,INFY,1178.1,1167.2,1172.21,9856963,5753750.0,58.37
2026-05-07,INFY,1167.2,1162.7,1166.46,12013987,6795220.0,56.56
2026-05-08,INFY,1162.7,1179.2,1174.01,7582770,4285714.0,56.52
2026-05-11,INFY,1179.2,1177.0,1180.51,7336288,4503512.0,61.39
2026-05-12,INFY,1177.0,1140.3,1137.2,16891948,8694986.0,51.47
2026-05-13,INFY,1140.3,1123.1,1128.99,6664111,3533941.0,53.03
2026-05-14,INFY,1123.1,1095.0,1098.25,16914842,9437024.0,55.79
2026-05-15,INFY,1095.0,1119.0,1120.63,17482450,10852181.0,62.07
2026-05-18,INFY,1119.0,1142.5,1134.98,12096377,6058529.0,50.09
2026-05-19,INFY,1142.5,1196.9,1190.55,32175705,22102537.0,68.69
2026-05-20,INFY,1196.9,1193.7,1195.38,15121010,10510891.0,69.51
2026-05-21,INFY,1193.7,1181.2,1185.68,10021033,5205193.0,51.94
2026-05-22,INFY,1181.2,1174.5,1179.3,8803066,5807661.0,65.97
2026-05-25,INFY,1174.5,1168.5,1173.45,5856136,3285372.0,56.1
2026-05-26,INFY,1168.5,1167.7,1172.18,8005767,4323399.0,54.0
2026-05-27,INFY,1167.7,1159.9,1160.5,6371871,2585058.0,40.57
2026-05-29,INFY,1159.9,1160.9,1169.5,69085430,47911031.0,69.35
2026-06-01,INFY,1160.9,1202.5,1205.22,19439331,8238710.0,42.38
2026-06-02,INFY,1202.5,1270.8,1263.28,36032600,20983487.0,58.23
2026-06-03,INFY,1270.8,1222.6,1225.95,18534303,10626302.0,57.33
2026-06-04,INFY,1222.6,1201.3,1203.46,12755957,5934118.0,46.52
2026-06-05,INFY,1201.3,1197.5,1201.93,8692290,4902149.0,56.4
2026-06-08,INFY,1197.5,1187.6,1189.58,8631711,4735993.0,54.87
2026-06-09,INFY,1187.6,1180.3,1176.06,10984054,5396204.0,49.13
2026-06-10,INFY,1180.3,1145.3,1154.24,8887626,4258395.0,47.91
2026-06-11,INFY,1145.3,1114.6,1116.74,9372176,4116938.0,43.93
2026-06-12,INFY,1114.6,1116.4,1116.4,8075333,4956397.0,61.38
2026-06-15,INFY,1116.4,1134.9,1135.97,7856192,3964378.0,50.46
2026-06-16,INFY,1134.9,1143.6,1140.85,10456090,5098711.0,48.76
2026-06-17,INFY,1143.6,1157.7,1157.38,5995119,2818504.0,47.01
2026-06-18,INFY,1157.7,1127.5,1130.34,16781447,9621856.0,57.34
2026-06-19,INFY,1127.5,1051.4,1043.82,45665442,22506869.0,49.29
2026-06-22,INFY,1051.4,1065.4,1067.86,10178505,4236224.0,41.62
2026-06-23,INFY,1065.4,1029.3,1034.72,19323064,9757180.0,50.49
2026-06-24,INFY,1029.3,1056.6,1050.65,12346266,5558437.0,45.02
2026-06-25,INFY,1056.6,1041.2,1048.0,15866779,9112752.0,57.43
2026-06-29,INFY,1041.2,1036.7,1035.17,15080892,8909976.0,59.08
2026-06-30,INFY,1036.7,1000.4,1007.28,24128263,13058140.0,54.12
2026-07-01,INFY,1000.4,985.3,993.98,13037982,6941533.0,53.24
2026-07-02,INFY,985.3,1040.9,1034.09,18741111,7999570.0,42.68
2026-07-03,INFY,1040.9,1047.2,1051.35,11653534,5680079.0,48.74
2026-07-06,INFY,1047.2,1042.2,1039.08,5559747,2925455.0,52.62
2026-07-07,INFY,1042.2,1071.8,1074.93,18866296,9228289.0,48.91
2026-07-08,INFY,1071.8,1069.3,1070.65,13022221,8051297.0,61.83
2026-07-09,INFY,1069.3,1050.8,1052.44,9003333,3345409.0,37.16
2026-07-10,INFY,1050.8,1068.0,1071.86,9747266,4865063.0,49.91
2026-07-13,INFY,1068.0,1102.6,1095.6,20994760,10937818.0,52.1
2026-07-14,INFY,1102.6,1092.9,1099.29,14819413,7471404.0,50.42
2026-07-15,INFY,1092.9,1076.3,1079.35,8501933,3760766.0,44.23
2026-07-16,INFY,1076.3,1082.4,1088.27,8592146,4547577.0,52.93
2026-07-17,INFY,1082.4,1096.5,1102.0,12547728,6130365.0,48.86
2026-07-20,INFY,1096.5,1087.1,1091.72,6372645,3375183.0,52.96
2026-07-21,INFY,1087.1,1073.5,1074.7,9485229,5421121.0,57.15
2026-07-22,INFY,1073.5,1052.1,1054.05,7517203,4234284.0,56.33
2026-07-23,INFY,1052.1,1047.4,1045.5,13794578,7135991.0,51.73
2026-07-24,INFY,1047.4,1040.9,1030.11,29036900,16078498.0,55.37
2026-07-27,INFY,1040.9,1079.2,1075.47,15956349,8371338.0,52.46
2026-07-28,INFY,1079.2,1105.7,1108.56,28100895,16512178.0,58.76
2026-07-29,INFY,1105.7,1155.6,1152.38,34400369,20131710.0,58.52
2026-07-30,INFY,1155.6,1155.1,1173.03,22630218,12457743.0,55.05
2026-07-31,INFY,1155.1,1130.1,1128.12,14367075,7032188.0,48.95
2026-08-03,INFY,1130.1,1180.0,1160.88,8582270,4222831.0,49.2
2026-08-03,INOXINDIA,1908.0,1920.4,1920.58,133526,61597.0,46.13
2026-08-03,INOXWIND,78.14,78.9,79.83,11919807,3794471.0,31.83
2026-08-03,INTELLECT,719.9,748.85,750.67,1625516,732536.0,45.06
2026-08-03,IOB,33.9,34.1,34.31,2431701,1095028.0,45.03
2026-08-03,IOC,140.17,143.7,143.52,17986947,7071435.0,39.31
2026-08-03,IONEXCHANG,420.7,429.95,427.49,321970,168986.0,52.49
2026-08-03,IPCALAB,1747.8,1725.6,1741.5,159711,91744.0,57.44
2026-08-03,IRB,20.0,20.18,20.21,6221967,3293550.0,52.93
2026-08-03,IRCON,125.99,131.88,130.73,3483133,1147786.0,32.95
2026-08-03,IRCTC,489.8,513.5,509.06,2801518,1154252.0,41.2
2026-08-03,IREDA,119.59,123.0,122.71,7823276,2443811.0,31.24
2026-08-03,IRFC,89.15,90.25,90.3,11813006,4209954.0,35.64
2026-04-27,ITC,301.6,303.85,304.12,14382348,9273904.0,64.48
2026-04-28,ITC,303.85,304.45,304.67,12907339,7854943.0,60.86
2026-04-29,ITC,304.45,316.25,313.93,31199038,14611060.0,46.83
2026-04-30,ITC,316.25,314.9,315.35,11541956,5247298.0,45.46
2026-05-04,ITC,314.9,311.1,313.63,20245091,11730183.0,57.94
2026-05-05,ITC,311.1,311.45,311.49,26795704,14613411.0,54.54
2026-05-06,ITC,311.45,310.7,310.74,20287609,12269867.0,60.48
2026-05-07,ITC,310.7,307.4,308.52,25718615,16453207.0,63.97
2026-05-08,ITC,307.4,307.45,307.26,17739844,10921346.0,61.56
2026-05-11,ITC,307.45,305.85,306.7,14968661,10439996.0,69.75
2026-05-12,ITC,305.85,300.7,302.95,15968338,9345779.0,58.53
2026-05-13,ITC,300.7,304.45,304.3,13024778,8549854.0,65.64
2026-05-14,ITC,304.45,307.2,307.57,11113377,5646634.0,50.81
2026-05-15,ITC,307.2,309.45,309.49,11954564,6440588.0,53.88
2026-05-18,ITC,309.45,310.15,309.32,14422870,6724723.0,46.63
2026-05-19,ITC,310.15,310.3,311.72,17519355,7884868.0,45.01
2026-05-20,ITC,310.3,307.55,307.48,12127920,7142061.0,58.89
2026-05-21,ITC,307.55,308.05,307.94,21868988,12288224.0,56.19
2026-05-22,ITC,308.05,301.7,303.66,30751752,18201271.0,59.19
2026-05-25,ITC,301.7,303.95,303.78,15734247,10538606.0,66.98
2026-05-26,ITC,303.95,301.65,301.89,37560542,30062994.0,80.04
2026-05-27,ITC,301.65,291.95,292.91,25446093,15791158.0,62.06
2026-05-29,ITC,291.95,286.9,288.37,31930439,22037989.0,69.02
2026-06-01,ITC,286.9,279.65,282.77,23477875,14331804.0,61.04
2026-06-02,ITC,279.65,283.25,280.64,20206131,11164643.0,55.25
2026-06-03,ITC,283.25,277.0,277.04,28001438,15108700.0,53.96
2026-06-04,ITC,277.0,280.3,279.23,22017634,13603009.0,61.78
2026-06-05,ITC,280.3,280.7,279.95,16065822,9862118.0,61.39
2026-06-08,ITC,280.7,279.45,280.73,15779677,8496355.0,53.84
2026-06-09,ITC,279.45,280.0,279.45,12302522,6283872.0,51.08
2026-06-10,ITC,280.0,283.65,283.69,19823743,11335170.0,57.18
2026-06-11,ITC,283.65,282.4,282.3,12603100,7556367.0,59.96
2026-06-12,ITC,282.4,285.1,284.32,12893433,8841446.0,68.57
2026-06-15,ITC,285.1,287.9,287.81,11194950,6770618.0,60.48
2026-06-16,ITC,287.9,291.65,290.72,14467499,9766910.0,67.51
2026-06-17,ITC,291.65,290.75,290.87,8626353,5334242.0,61.84
2026-06-18,ITC,290.75,291.15,290.24,10409670,6012882.0,57.76
2026-06-19,ITC,291.15,292.5,290.95,13874008,8472260.0,61.07
2026-06-22,ITC,292.5,291.25,291.4,9947873,5311542.0,53.39
2026-06-23,ITC,291.25,290.0,290.89,9410364,4947375.0,52.57
2026-06-24,ITC,290.0,290.35,290.45,6218635,3268865.0,52.57
2026-06-25,ITC,290.35,290.0,290.66,11230239,5154205.0,45.9
2026-06-29,ITC,290.0,290.7,290.7,10110022,6112475.0,60.46
2026-06-30,ITC,290.7,286.95,287.55,18180676,7603110.0,41.82
2026-07-01,ITC,286.95,290.3,289.72,6551425,3426672.0,52.3
2026-07-02,ITC,290.3,289.9,289.63,12722639,7684812.0,60.4
2026-07-03,ITC,289.9,289.95,290.39,6517591,3684240.0,56.53
2026-07-06,ITC,289.95,288.25,288.49,27126124,21310209.0,78.56
2026-07-07,ITC,288.25,288.75,288.6,18491160,10306641.0,55.74
2026-07-08,ITC,288.75,280.65,282.88,21593793,10906604.0,50.51
2026-07-09,ITC,280.65,282.05,282.7,12512120,7099821.0,56.74
2026-07-10,ITC,282.05,281.75,281.84,11774274,7828124.0,66.48
2026-07-13,ITC,281.75,279.65,280.2,12559492,8527371.0,67.9
2026-07-14,ITC,279.65,275.55,276.73,15018851,8623726.0,57.42
2026-07-15,ITC,275.55,276.65,276.67,8523722,4000015.0,46.93
2026-07-16,ITC,276.65,279.35,278.69,11220653,5785986.0,51.57
2026-07-17,ITC,279.35,280.7,280.34,15215868,8797225.0,57.82
2026-07-20,ITC,280.7,282.7,282.12,9913943,5806053.0,58.56
2026-07-21,ITC,282.7,281.0,280.88,9858768,4738254.0,48.06
2026-07-22,ITC,281.0,280.8,280.36,12995017,7510771.0,57.8
2026-07-23,ITC,280.8,281.3,281.37,21143589,11579425.0,54.77
2026-07-24,ITC,281.3,283.45,282.97,24954082,15748693.0,63.11
2026-07-27,ITC,283.45,285.85,286.65,19312804,12277445.0,63.57
2026-07-28,ITC,285.85,284.65,285.0,14843878,7559128.0,50.92
2026-07-29,ITC,284.65,286.25,287.13,19030590,10008026.0,52.59
2026-07-30,ITC,286.25,285.05,285.74,18283697,9645378.0,52.75
2026-07-31,ITC,285.05,281.0,281.62,16833813,8825007.0,52.42
2026-08-03,ITC,281.0,287.0,289.03,45392755,16649857.0,36.68
2026-08-03,ITCHOTELS,162.37,165.22,165.57,2135051,971321.0,45.49
2026-08-03,ITI,276.7,282.15,281.09,264548,95373.0,36.05
2026-08-03,IXIGO,197.62,199.6,200.38,591507,265552.0,44.89
2026-08-03,J&KBANK,156.0,156.12,157.01,6169987,2966634.0,48.08
2026-08-03,JAINREC,348.2,350.2,347.15,6506503,1239873.0,19.06
2026-08-03,JAMNAAUTO,131.18,140.86,138.76,6125287,2642132.0,43.13
2026-08-03,JAYNECOIND,86.03,88.18,87.6,3042725,1296937.0,42.62
2026-08-03,JBMA,658.35,662.6,665.44,161748,70295.0,43.46
2026-08-03,JINDALSAW,256.95,259.3,256.82,1071375,533014.0,49.75
2026-08-03,JINDALSTEL,1102.4,1105.1,1112.77,1173261,621270.0,52.95
2026-08-03,JIOFIN,256.46,263.0,261.65,36582683,13864892.0,37.9
2026-08-03,JKCEMENT,5444.0,5563.5,5552.46,39151,19282.0,49.25
2026-08-03,JKLAKSHMI,564.65,568.65,568.22,67274,37535.0,55.79
2026-08-03,JKPAPER,390.55,385.75,388.78,205827,91010.0,44.22
2026-08-03,JKTYRE,399.75,410.3,411.53,1668484,802321.0,48.09
2026-08-03,JLHL,331.5,319.0,317.45,607371,323013.0,53.18
2026-08-03,JMFINANCIL,122.16,120.89,120.94,8194497,2172736.0,26.51
2026-08-03,JPPOWER,18.29,18.76,18.95,197024299,67887964.0,34.46
2026-08-03,JSFB,575.0,584.85,584.35,673070,320101.0,47.56
2026-08-03,JSL,734.8,731.7,734.28,382465,161870.0,42.32
2026-08-03,JSLL,586.15,582.5,589.85,415999,201473.0,48.43
2026-08-03,JSWCEMENT,133.1,132.9,133.76,692633,379723.0,54.82
2026-08-03,JSWDULUX,2938.8,3015.5,3009.77,13123,7798.0,59.42
2026-08-03,JSWENERGY,554.65,569.0,563.32,2824425,1570771.0,55.61
2026-08-03,JSWINFRA,312.4,329.0,324.86,6061606,3383810.0,55.82
2026-04-27,JSWSTEEL,1255.7,1282.7,1286.68,2309506,991569.0,42.93
2026-04-28,JSWSTEEL,1282.7,1281.6,1290.43,1902689,733880.0,38.57
2026-04-29,JSWSTEEL,1281.6,1279.7,1277.41,2364369,1167747.0,49.39
2026-04-30,JSWSTEEL,1279.7,1264.5,1259.48,1366233,627658.0,45.94
2026-05-04,JSWSTEEL,1264.5,1266.6,1271.03,1550369,636396.0,41.05
2026-05-05,JSWSTEEL,1266.6,1252.4,1254.68,1471611,626301.0,42.56
2026-05-06,JSWSTEEL,1252.4,1273.3,1267.74,988216,398762.0,40.35
2026-05-07,JSWSTEEL,1273.3,1283.4,1282.9,1773360,914462.0,51.57
2026-05-08,JSWSTEEL,1283.4,1277.8,1276.67,811858,335367.0,41.31
2026-05-11,JSWSTEEL,1277.8,1262.6,1270.53,1023862,396883.0,38.76
2026-05-12,JSWSTEEL,1262.6,1252.3,1255.8,1475577,639575.0,43.34
2026-05-13,JSWSTEEL,1252.3,1274.9,1271.5,2366540,1116904.0,47.2
2026-05-14,JSWSTEEL,1274.9,1296.9,1297.84,3292597,1733394.0,52.65
2026-05-15,JSWSTEEL,1296.9,1278.8,1292.3,3871553,964001.0,24.9
2026-05-18,JSWSTEEL,1278.8,1292.8,1284.07,2965138,1071411.0,36.13
2026-05-19,JSWSTEEL,1292.8,1285.2,1287.66,1136358,569512.0,50.12
2026-05-20,JSWSTEEL,1285.2,1283.2,1274.07,1039407,446209.0,42.93
2026-05-21,JSWSTEEL,1283.2,1281.3,1280.82,5339554,4016453.0,75.22
2026-05-22,JSWSTEEL,1281.3,1285.5,1284.53,588674,259481.0,44.08
2026-05-25,JSWSTEEL,1285.5,1289.4,1288.37,922291,521168.0,56.51
2026-05-26,JSWSTEEL,1289.4,1293.6,1295.56,1712866,883746.0,51.59
2026-05-27,JSWSTEEL,1293.6,1309.3,1311.28,2030720,832023.0,40.97
2026-05-29,JSWSTEEL,1309.3,1278.0,1282.85,3129836,2053988.0,65.63
2026-06-01,JSWSTEEL,1278.0,1299.4,1294.67,1388242,655005.0,47.18
2026-06-02,JSWSTEEL,1299.4,1310.8,1306.9,1602109,720859.0,44.99
2026-06-03,JSWSTEEL,1310.8,1312.9,1309.28,814920,343122.0,42.1
2026-06-04,JSWSTEEL,1312.9,1301.1,1303.06,958385,457343.0,47.72
2026-06-05,JSWSTEEL,1301.1,1284.0,1282.13,1618038,884940.0,54.69
2026-06-08,JSWSTEEL,1284.0,1260.7,1265.05,1172766,530010.0,45.19
2026-06-09,JSWSTEEL,1260.7,1261.7,1264.04,1070798,545380.0,50.93
2026-06-10,JSWSTEEL,1261.7,1269.8,1278.17,3053155,1805664.0,59.14
2026-06-11,JSWSTEEL,1269.8,1282.3,1281.16,1915489,1052027.0,54.92
2026-06-12,JSWSTEEL,1282.3,1297.6,1295.98,1091577,576710.0,52.83
2026-06-15,JSWSTEEL,1297.6,1296.5,1305.92,1168850,679013.0,58.09
2026-06-16,JSWSTEEL,1296.5,1274.3,1277.29,1110628,474482.0,42.72
2026-06-17,JSWSTEEL,1274.3,1287.2,1282.29,1194899,653446.0,54.69
2026-06-18,JSWSTEEL,1287.2,1293.9,1291.63,685833,361529.0,52.71
2026-06-19,JSWSTEEL,1293.9,1287.7,1287.67,1138608,796889.0,69.99
2026-06-22,JSWSTEEL,1287.7,1282.4,1282.79,961383,559834.0,58.23
2026-06-23,JSWSTEEL,1282.4,1242.2,1246.16,2156617,1244735.0,57.72
2026-06-24,JSWSTEEL,1242.2,1231.2,1233.84,2339439,1361530.0,58.2
2026-06-25,JSWSTEEL,1231.2,1231.0,1231.84,1706161,1080339.0,63.32
2026-06-29,JSWSTEEL,1231.0,1232.4,1236.42,2091046,1300719.0,62.2
2026-06-30,JSWSTEEL,1232.4,1226.4,1229.56,1242580,655737.0,52.77
2026-07-01,JSWSTEEL,1226.4,1216.2,1217.86,1634758,886535.0,54.23
2026-07-02,JSWSTEEL,1216.2,1223.8,1224.68,1302096,770902.0,59.2
2026-07-03,JSWSTEEL,1223.8,1230.2,1234.13,1153646,545502.0,47.29
2026-07-06,JSWSTEEL,1230.2,1243.2,1241.21,1090418,665962.0,61.07
2026-07-07,JSWSTEEL,1243.2,1246.4,1244.64,2548642,1677301.0,65.81
2026-07-08,JSWSTEEL,1246.4,1219.5,1229.05,1038782,523932.0,50.44
2026-07-09,JSWSTEEL,1219.5,1225.8,1226.92,1151162,683266.0,59.35
2026-07-10,JSWSTEEL,1225.8,1245.4,1250.6,1504035,804116.0,53.46
2026-07-13,JSWSTEEL,1245.4,1237.4,1233.22,1403822,726357.0,51.74
2026-07-14,JSWSTEEL,1237.4,1247.7,1245.66,1042163,441182.0,42.33
2026-07-15,JSWSTEEL,1247.7,1226.9,1234.56,836306,431608.0,51.61
2026-07-16,JSWSTEEL,1226.9,1221.0,1223.94,1342230,944106.0,70.34
2026-07-17,JSWSTEEL,1221.0,1237.3,1233.12,2800390,937117.0,33.46
2026-07-20,JSWSTEEL,1237.3,1257.0,1256.89,2686712,683602.0,25.44
2026-07-21,JSWSTEEL,1257.0,1267.4,1266.53,1941639,1271842.0,65.5
2026-07-22,JSWSTEEL,1267.4,1266.9,1268.51,3988761,2950628.0,73.97
2026-07-23,JSWSTEEL,1266.9,1246.8,1258.34,2674866,1826054.0,68.27
2026-07-24,JSWSTEEL,1246.8,1240.8,1236.18,1083729,556492.0,51.35
2026-07-27,JSWSTEEL,1240.8,1244.6,1241.49,1128386,646140.0,57.26
2026-07-28,JSWSTEEL,1244.6,1246.9,1249.43,1515691,809598.0,53.41
2026-07-29,JSWSTEEL,1246.9,1276.6,1271.2,1516573,678506.0,44.74
2026-07-30,JSWSTEEL,1276.6,1270.8,1268.68,923153,457497.0,49.56
2026-07-31,JSWSTEEL,1270.8,1270.0,1269.66,1449872,920929.0,63.52
2026-08-03,JSWSTEEL,1270.0,1292.3,1277.77,2577735,1659767.0,64.39
2026-08-03,JUBLFOOD,438.25,470.0,462.29,6073943,1870591.0,30.8
2026-08-03,JUBLINGREA,735.7,757.45,752.52,300636,148096.0,49.26
2026-08-03,JUBLPHARMA,935.15,933.15,934.17,204728,118919.0,58.09
2026-08-03,JUSTDIAL,716.7,710.65,715.6,399720,152759.0,38.22
2026-08-03,JWL,259.2,264.95,265.56,1890451,662849.0,35.06
2026-08-03,JYOTHYLAB,198.85,206.06,205.52,941754,520496.0,55.27
2026-08-03,JYOTICNC,808.65,858.3,846.82,1473324,686308.0,46.58
2026-08-03,KAJARIACER,1198.3,1214.7,1208.52,664373,434381.0,65.38
2026-08-03,KALYANKJIL,612.6,608.0,611.32,15638729,2412614.0,15.43
2026-08-03,KANSAINER,196.74,204.18,203.63,514487,244198.0,47.46
2026-08-03,KARURVYSYA,342.45,348.1,348.06,3406254,1827123.0,53.64
2026-04-27,KAYNES,4266.8,4194.1,4237.53,1323534,367962.0,27.8
2026-04-28,KAYNES,4194.1,4096.9,4141.38,1047330,350896.0,33.5
2026-04-29,KAYNES,4096.9,4112.5,4147.83,862358,163944.0,19.01
2026-04-30,KAYNES,4112.5,4044.4,4018.59,952161,228562.0,24.0
2026-05-04,KAYNES,4044.4,4098.9,4076.98,578802,98453.0,17.01
2026-05-05,KAYNES,4098.9,4170.6,4168.38,801471,174834.0,21.81
2026-05-06,KAYNES,4170.6,4305.5,4266.05,854374,268836.0,31.47
2026-05-07,KAYNES,4305.5,4379.7,4346.98,893688,258244.0,28.9
2026-05-08,KAYNES,4379.7,4507.5,4456.15,1481029,353011.0,23.84
2026-05-11,KAYNES,4507.5,4364.3,4438.44,1189671,287163.0,24.14
2026-05-12,KAYNES,4364.3,4049.3,4154.71,1865243,489797.0,26.26
2026-05-13,KAYNES,4049.3,4178.4,4143.91,1915230,318194.0,16.61
2026-05-14,KAYNES,4178.4,3336.5,3445.18,10655451,2798728.0,26.27
2026-05-15,KAYNES,3336.5,3271.9,3312.62,7578637,951132.0,12.55
2026-05-18,KAYNES,3271.9,3118.2,3160.34,2543325,606022.0,23.83
2026-05-19,KAYNES,3118.2,3091.6,3118.16,1948059,470154.0,24.13
2026-05-20,KAYNES,3091.6,3001.0,3027.13,1630732,527292.0,32.33
2026-05-21,KAYNES,3001.0,3174.9,3116.46,2230040,475462.0,21.32
2026-05-22,KAYNES,3174.9,3321.4,3276.68,2181529,512810.0,23.51
2026-05-25,KAYNES,3321.4,3400.4,3372.32,1421568,481203.0,33.85
2026-05-26,KAYNES,3400.4,3299.0,3335.58,2785242,595059.0,21.36
2026-05-27,KAYNES,3299.0,3229.6,3272.08,1223825,334898.0,27.36
2026-05-29,KAYNES,3229.6,3133.6,3183.52,1268705,436482.0,34.4
2026-06-01,KAYNES,3133.6,3100.2,3125.04,1053897,247826.0,23.52
2026-06-02,KAYNES,3100.2,3169.1,3150.34,1065545,215419.0,20.22
2026-06-03,KAYNES,3169.1,3214.4,3181.62,900927,223471.0,24.8
2026-06-04,KAYNES,3214.4,3190.5,3211.11,653937,174296.0,26.65
2026-06-05,KAYNES,3190.5,3121.8,3149.7,756455,251272.0,33.22
2026-06-08,KAYNES,3121.8,3027.5,3046.78,749468,265836.0,35.47
2026-06-09,KAYNES,3027.5,3072.8,3075.74,401079,94110.0,23.46
2026-06-10,KAYNES,3072.8,3073.0,3074.14,454026,135044.0,29.74
2026-06-11,KAYNES,3073.0,3026.9,3049.33,533637,119511.0,22.4
2026-06-12,KAYNES,3026.9,3076.9,3063.92,640605,201258.0,31.42
2026-06-15,KAYNES,3076.9,3082.1,3127.76,840372,306419.0,36.46
2026-06-16,KAYNES,3082.1,3177.6,3182.8,1322073,304284.0,23.02
2026-06-17,KAYNES,3177.6,3248.3,3251.47,1155064,326852.0,28.3
2026-06-18,KAYNES,3248.3,3385.5,3346.87,1871255,587938.0,31.42
2026-06-19,KAYNES,3385.5,3253.1,3303.4,1012288,403718.0,39.88
2026-06-22,KAYNES,3253.1,3283.5,3296.0,503738,134678.0,26.74
2026-06-23,KAYNES,3283.5,3216.9,3238.63,539011,202394.0,37.55
2026-06-24,KAYNES,3216.9,3203.1,3233.66,1268877,416551.0,32.83
2026-06-25,KAYNES,3203.1,3264.7,3303.02,2631736,540235.0,20.53
2026-06-29,KAYNES,3264.7,3150.6,3200.59,1115298,300929.0,26.98
2026-06-30,KAYNES,3150.6,3121.9,3150.29,1018571,301132.0,29.56
2026-07-01,KAYNES,3121.9,3152.1,3167.75,935410,272128.0,29.09
2026-07-02,KAYNES,3152.1,3158.5,3162.68,671812,192001.0,28.58
2026-07-03,KAYNES,3158.5,3333.8,3299.02,2592315,801063.0,30.9
2026-07-06,KAYNES,3333.8,3359.2,3351.66,1176993,288582.0,24.52
2026-07-07,KAYNES,3359.2,3312.6,3312.78,665014,209232.0,31.46
2026-07-08,KAYNES,3312.6,3210.7,3265.14,905589,306816.0,33.88
2026-07-09,KAYNES,3210.7,3429.1,3396.94,3549385,738690.0,20.81
2026-07-10,KAYNES,3429.1,3336.1,3387.69,1375926,468279.0,34.03
2026-07-13,KAYNES,3336.1,3319.5,3301.09,796963,222567.0,27.93
2026-07-14,KAYNES,3319.5,3288.4,3293.87,521969,177711.0,34.05
2026-07-15,KAYNES,3288.4,3337.2,3328.29,496703,168130.0,33.85
2026-07-16,KAYNES,3337.2,3438.8,3429.52,1748955,521393.0,29.81
2026-07-17,KAYNES,3438.8,3385.8,3405.8,685964,232100.0,33.84
2026-07-20,KAYNES,3385.8,3328.8,3350.97,508326,202756.0,39.89
2026-07-21,KAYNES,3328.8,3272.1,3290.69,536908,269891.0,50.27
2026-07-22,KAYNES,3272.1,3252.4,3255.98,534112,183774.0,34.41
2026-07-23,KAYNES,3252.4,3240.3,3272.91,519821,114324.0,21.99
2026-07-24,KAYNES,3240.3,3176.2,3165.19,887346,209784.0,23.64
2026-07-27,KAYNES,3176.2,3181.3,3191.72,614724,163120.0,26.54
2026-07-28,KAYNES,3181.3,3227.7,3208.25,647430,194815.0,30.09
2026-07-29,KAYNES,3227.7,3638.6,3557.5,6028689,1379186.0,22.88
2026-07-30,KAYNES,3638.6,3621.5,3638.39,2012637,364293.0,18.1
2026-07-31,KAYNES,3621.5,3804.6,3790.18,3267041,551558.0,16.88
2026-08-03,KAYNES,3804.6,3805.0,3806.84,1176113,224285.0,19.07
2026-08-03,KEC,468.95,478.75,478.64,806688,373552.0,46.31
2026-08-03,KEI,4999.0,5023.3,5017.7,274828,99644.0,36.26
2026-08-03,KFINTECH,937.9,945.0,944.18,514392,172448.0,33.52
2026-08-03,KIMS,804.7,820.6,815.99,818769,479720.0,58.59
2026-08-03,KIRLOSBROS,1870.1,1859.7,1884.01,147293,46902.0,31.84
2026-08-03,KIRLOSENG,2189.8,2225.2,2225.82,271651,160721.0,59.16
2026-08-03,KIRLPNU,1482.4,1463.3,1473.46,75867,43366.0,57.16
2026-08-03,KITEX,145.81,146.34,147.42,346394,193971.0,56.0
2026-08-03,KNRCON,121.85,126.53,125.24,983664,541493.0,55.05
2026-04-27,KOTAKBANK,370.85,376.8,377.27,11559552,6767293.0,58.54
2026-04-28,KOTAKBANK,376.8,377.95,379.13,12852733,6948020.0,54.06
2026-04-29,KOTAKBANK,377.95,382.0,383.08,7913344,4286505.0,54.17
2026-04-30,KOTAKBANK,382.0,383.3,381.6,24812228,16104109.0,64.9
2026-05-04,KOTAKBANK,383.3,371.65,372.83,74467483,51534409.0,69.2
2026-05-05,KOTAKBANK,371.65,371.35,372.7,19084772,11922634.0,62.47
2026-05-06,KOTAKBANK,371.35,376.6,372.52,36195481,24090158.0,66.56
2026-05-07,KOTAKBANK,376.6,379.4,378.69,27286751,15556493.0,57.01
2026-05-08,KOTAKBANK,379.4,380.8,378.41,16183126,11333684.0,70.03
2026-05-11,KOTAKBANK,380.8,381.05,381.58,21347878,16171833.0,75.75
2026-05-12,KOTAKBANK,381.05,376.0,377.73,13065308,8509426.0,65.13
2026-05-13,KOTAKBANK,376.0,377.65,380.69,16267456,11167113.0,68.65
2026-05-14,KOTAKBANK,377.65,383.2,382.09,10652514,6482178.0,60.85
2026-05-15,KOTAKBANK,383.2,387.05,388.94,19461437,11920722.0,61.25
2026-05-18,KOTAKBANK,387.05,391.8,388.19,14575831,9354110.0,64.18
2026-05-19,KOTAKBANK,391.8,381.95,384.6,22567886,14062766.0,62.31
2026-05-20,KOTAKBANK,381.95,383.2,381.44,12342444,7738739.0,62.7
2026-05-21,KOTAKBANK,383.2,380.85,381.6,10133840,5761299.0,56.85
2026-05-22,KOTAKBANK,380.85,384.15,384.54,10348359,6447555.0,62.31
2026-05-25,KOTAKBANK,384.15,392.85,391.92,15571552,10632412.0,68.28
2026-05-26,KOTAKBANK,392.85,388.65,389.08,15059212,8544440.0,56.74
2026-05-27,KOTAKBANK,388.65,388.7,388.84,9326451,5516546.0,59.15
2026-05-29,KOTAKBANK,388.7,384.2,385.33,40109830,28222853.0,70.36
2026-06-01,KOTAKBANK,384.2,377.4,379.65,12335552,7520709.0,60.97
2026-06-02,KOTAKBANK,377.4,379.05,378.48,14834956,8962812.0,60.42
2026-06-03,KOTAKBANK,379.05,381.0,379.38,14844206,9509100.0,64.06
2026-06-04,KOTAKBANK,381.0,381.5,381.34,13889236,8768942.0,63.13
2026-06-05,KOTAKBANK,381.5,377.45,378.88,10129597,5254520.0,51.87
2026-06-08,KOTAKBANK,377.45,377.1,376.53,14460894,9991042.0,69.09
2026-06-09,KOTAKBANK,377.1,381.7,380.38,13987913,8552151.0,61.14
2026-06-10,KOTAKBANK,381.7,388.1,388.44,21427363,13103701.0,61.15
2026-06-11,KOTAKBANK,388.1,393.35,394.62,16135289,9935308.0,61.58
2026-06-12,KOTAKBANK,393.35,403.3,400.16,17227481,11265510.0,65.39
2026-06-15,KOTAKBANK,403.3,405.75,405.65,14269679,9100772.0,63.78
2026-06-16,KOTAKBANK,405.75,407.85,407.28,9079548,6342143.0,69.85
2026-06-17,KOTAKBANK,407.85,404.5,404.42,11654415,8833636.0,75.8
2026-06-18,KOTAKBANK,404.5,402.95,402.63,9342524,6049460.0,64.75
2026-06-19,KOTAKBANK,402.95,399.25,399.73,17504009,12469314.0,71.24
2026-06-22,KOTAKBANK,399.25,402.15,401.07,7158956,5084799.0,71.03
2026-06-23,KOTAKBANK,402.15,401.65,401.99,10077909,6690702.0,66.39
2026-06-24,KOTAKBANK,401.65,405.95,405.87,11768059,7174258.0,60.96
2026-06-25,KOTAKBANK,405.95,409.0,410.15,16587414,9697703.0,58.46
2026-06-29,KOTAKBANK,409.0,395.5,398.25,37210245,24071034.0,64.69
2026-06-30,KOTAKBANK,395.5,392.25,392.64,24824891,15064846.0,60.68
2026-07-01,KOTAKBANK,392.25,400.45,397.38,21723944,12122040.0,55.8
2026-07-02,KOTAKBANK,400.45,399.3,400.04,12980945,7533646.0,58.04
2026-07-03,KOTAKBANK,399.3,396.75,397.17,14747410,10073614.0,68.31
2026-07-06,KOTAKBANK,396.75,381.3,383.27,34164881,20919633.0,61.23
2026-07-07,KOTAKBANK,381.3,381.7,381.14,23216875,17161608.0,73.92
2026-07-08,KOTAKBANK,381.7,370.1,373.59,22517529,14623896.0,64.94
2026-07-09,KOTAKBANK,370.1,377.15,373.26,30720415,19235874.0,62.62
2026-07-10,KOTAKBANK,377.15,377.6,379.06,15468937,10028294.0,64.83
2026-07-13,KOTAKBANK,377.6,384.65,380.5,14167721,9460143.0,66.77
2026-07-14,KOTAKBANK,384.65,378.65,378.3,16237528,8998783.0,55.42
2026-07-15,KOTAKBANK,378.65,378.4,378.76,8082156,4507753.0,55.77
2026-07-16,KOTAKBANK,378.4,377.15,378.67,10889356,7264811.0,66.71
2026-07-17,KOTAKBANK,377.15,389.95,385.76,17847316,10190959.0,57.1
2026-07-20,KOTAKBANK,389.95,382.05,380.64,32539419,20659332.0,63.49
2026-07-21,KOTAKBANK,382.05,385.95,384.65,17152911,11308365.0,65.93
2026-07-22,KOTAKBANK,385.95,381.15,381.2,11688952,8391083.0,71.79
2026-07-23,KOTAKBANK,381.15,383.35,383.13,12720546,8993389.0,70.7
2026-07-24,KOTAKBANK,383.35,384.75,383.77,13308317,9897843.0,74.37
2026-07-27,KOTAKBANK,384.75,384.65,385.05,16710096,12419233.0,74.32
2026-07-28,KOTAKBANK,384.65,385.3,385.58,14247981,8888531.0,62.38
2026-07-29,KOTAKBANK,385.3,390.2,389.3,9190194,6579861.0,71.6
2026-07-30,KOTAKBANK,390.2,389.4,388.59,12205963,8285872.0,67.88
2026-07-31,KOTAKBANK,389.4,390.3,390.07,7014637,5240267.0,74.7
2026-08-03,KOTAKBANK,390.3,397.5,393.2,11247062,8110295.0,72.11
2026-08-03,KPIGREEN,373.75,380.85,380.2,369696,190441.0,51.51
2026-08-03,KPIL,1289.6,1283.5,1286.33,152552,87042.0,57.06
2026-08-03,KPITTECH,598.4,619.25,614.13,4526739,1144953.0,25.29
2026-08-03,KPRMILL,1049.8,1063.7,1062.03,156682,61112.0,39.0
2026-08-03,KRBL,351.1,373.7,368.91,798295,355751.0,44.56
2026-08-03,KSB,855.9,857.75,859.18,50364,24665.0,48.97
2026-08-03,KSCL,782.45,780.5,787.84,178531,96733.0,54.18
2026-08-03,KTKBANK,284.75,289.45,291.64,3342740,1752295.0,52.42
2026-08-03,LALPATHLAB,1905.2,1900.4,1900.12,718505,482379.0,67.14
2026-08-03,LATENTVIEW,316.2,297.85,299.17,3420336,983796.0,28.76
2026-08-03,LAURUSLABS,1816.2,1811.4,1818.3,1919384,836420.0,43.58
2026-08-03,LEMONTREE,109.3,114.03,112.64,5869426,3097676.0,52.78
2026-08-03,LENSKART,561.4,568.35,566.7,2729162,1756544.0,64.36
2026-08-03,LGEINDIA,1490.5,1569.8,1552.43,520588,293061.0,56.29
2026-08-03,LICHSGFIN,523.1,519.0,519.69,2191300,1138994.0,51.98
2026-08-03,LICI,424.7,428.5,428.14,2043005,1052842.0,51.53
2026-08-03,LINDEINDIA,6745.0,6980.5,6940.85,50665,25754.0,50.83
2026-08-03,LLOYDSENGG,88.66,91.84,91.28,10908467,4865097.0,44.6
2026-08-03,LLOYDSENT,79.96,81.57,82.52,3960227,1751156.0,44.22
2026-08-03,LLOYDSME,2047.0,2050.6,2052.14,607387,357644.0,58.88
2026-08-03,LODHA,1243.95,1239.8,1239.27,1834226,1023046.0,55.78
2026-08-03,LOTUSDEV,200.12,197.66,202.3,9820738,3023503.0,30.79
2026-04-27,LT,4014.3,4053.6,4066.36,2000348,1267088.0,63.34
2026-04-28,LT,4053.6,4037.7,4047.65,1750237,1001621.0,57.23
2026-04-29,LT,4037.7,4096.1,4099.83,2175030,1212773.0,55.76
2026-04-30,LT,4096.1,4014.0,4014.69,2569328,1251896.0,48.72
2026-05-04,LT,4014.0,4100.8,4108.5,2173027,1134489.0,52.21
2026-05-05,LT,4100.8,4054.5,4051.78,3849402,2024544.0,52.59
2026-05-06,LT,4054.5,4008.5,3947.37,9540104,5019264.0,52.61
2026-05-07,LT,4008.5,4023.0,4018.59,3477185,1634352.0,47.0
2026-05-08,LT,4023.0,3974.5,3978.94,1620273,889072.0,54.87
2026-05-11,LT,3974.5,3940.2,3924.07,2027769,1036346.0,51.11
2026-05-12,LT,3940.2,3856.5,3882.66,2255075,1105714.0,49.03
2026-05-13,LT,3856.5,3915.8,3901.34,2486330,1342508.0,54.0
2026-05-14,LT,3915.8,3940.4,3954.4,2982228,1231081.0,41.28
2026-05-15,LT,3940.4,3909.0,3920.0,1339185,787194.0,58.78
2026-05-18,LT,3909.0,3917.8,3892.6,1771638,961472.0,54.27
2026-05-19,LT,3917.8,3921.0,3935.19,2318170,898633.0,38.76
2026-05-20,LT,3921.0,3910.7,3917.87,1972259,1212852.0,61.5
2026-05-21,LT,3910.7,3928.5,3936.41,1624945,562577.0,34.62
2026-05-22,LT,3928.5,3926.6,3939.21,1330428,768352.0,57.75
2026-05-25,LT,3926.6,4033.4,4018.97,2099927,1255662.0,59.8
2026-05-26,LT,4033.4,4037.8,4035.91,1552847,847218.0,54.56
2026-05-27,LT,4037.8,4047.5,4048.8,1607028,782120.0,48.67
2026-05-29,LT,4047.5,4076.5,4091.74,4882940,3554389.0,72.79
2026-06-01,LT,4076.5,4010.8,4040.54,1409388,719522.0,51.05
2026-06-02,LT,4010.8,4000.9,3971.45,2085054,854855.0,41.0
2026-06-03,LT,4000.9,3953.2,3941.52,1872929,849027.0,45.33
2026-06-04,LT,3953.2,3942.1,3948.09,1398297,646759.0,46.25
2026-06-05,LT,3942.1,3953.2,3955.9,1278243,582084.0,45.54
2026-06-08,LT,3953.2,3875.5,3890.93,1678709,938465.0,55.9
2026-06-09,LT,3875.5,3900.6,3902.93,1506501,764030.0,50.72
2026-06-10,LT,3900.6,3917.5,3935.66,2033070,1274884.0,62.71
2026-06-11,LT,3917.5,3862.0,3875.05,2224659,1299477.0,58.41
2026-06-12,LT,3862.0,4049.3,3993.73,3065790,1466169.0,47.82
2026-06-15,LT,4049.3,4169.8,4179.4,3978153,2109148.0,53.02
2026-06-16,LT,4169.8,4186.4,4200.45,2647549,1401665.0,52.94
2026-06-17,LT,4186.4,4207.7,4197.74,1312925,710994.0,54.15
2026-06-18,LT,4207.7,4190.0,4195.92,1485427,603046.0,40.6
2026-06-19,LT,4190.0,4209.4,4196.08,1397746,757034.0,54.16
2026-06-22,LT,4209.4,4201.3,4207.06,1169466,752293.0,64.33
2026-06-23,LT,4201.3,4179.4,4204.88,2198497,1193093.0,54.27
2026-06-24,LT,4179.4,4181.7,4187.6,1367416,855905.0,62.59
2026-06-25,LT,4181.7,4216.4,4234.03,3104020,1663082.0,53.58
2026-06-29,LT,4216.4,4165.2,4201.38,2706906,1694574.0,62.6
2026-06-30,LT,4165.2,4143.4,4158.06,1539094,684395.0,44.47
2026-07-01,LT,4143.4,4092.6,4102.97,1437109,774696.0,53.91
2026-07-02,LT,4092.6,4059.4,4039.8,2481554,1091886.0,44.0
2026-07-03,LT,4059.4,4026.6,4045.5,1505428,892165.0,59.26
2026-07-06,LT,4026.6,4041.0,4044.85,1252054,640057.0,51.12
2026-07-07,LT,4041.0,3991.9,3994.32,2442514,1365256.0,55.9
2026-07-08,LT,3991.9,3892.1,3929.44,2252308,1086272.0,48.23
2026-07-09,LT,3892.1,3886.0,3916.81,5117653,3639822.0,71.12
2026-07-10,LT,3886.0,3945.8,3935.5,1283990,778296.0,60.62
2026-07-13,LT,3945.8,3928.5,3920.99,1744547,933803.0,53.53
2026-07-14,LT,3928.5,3848.7,3859.74,2409089,1284154.0,53.3
2026-07-15,LT,3848.7,3783.9,3808.43,3602201,2570439.0,71.36
2026-07-16,LT,3783.9,3775.6,3776.65,2936753,1839704.0,62.64
2026-07-17,LT,3775.6,3814.5,3799.37,1942610,1027247.0,52.88
2026-07-20,LT,3814.5,3838.8,3829.9,1450930,838769.0,57.81
2026-07-21,LT,3838.8,3846.6,3837.37,1393919,756989.0,54.31
2026-07-22,LT,3846.6,3817.4,3822.48,1157406,716042.0,61.87
2026-07-23,LT,3817.4,3792.4,3799.5,1278355,713608.0,55.82
2026-07-24,LT,3792.4,3785.6,3763.74,1994087,1061331.0,53.22
2026-07-27,LT,3785.6,3806.0,3818.44,1454211,795426.0,54.7
2026-07-28,LT,3806.0,3832.0,3821.14,1702441,831795.0,48.86
2026-07-29,LT,3832.0,3931.4,3944.0,3115802,1426048.0,45.77
2026-07-30,LT,3931.4,3937.7,3928.95,2141252,1074083.0,50.16
2026-07-31,LT,3937.7,3938.9,3941.05,1753377,1061009.0,60.51
2026-08-03,LT,3938.9,4025.0,3993.38,1890377,1096545.0,58.01
2026-08-03,LTF,311.25,318.0,319.75,8873490,3890958.0,43.85
2026-08-03,LTFOODS,410.35,415.3,414.03,748298,381609.0,51.0
2026-08-03,LTM,4362.1,4690.0,4624.12,1900137,695333.0,36.59
2026-08-03,LTTS,3555.4,3564.8,3570.06,147067,97673.0,66.41
2026-08-03,LUMAXTECH,1568.3,1625.7,1627.4,308962,134988.0,43.69
2026-08-03,LUPIN,2415.0,2393.0,2384.8,1717110,1094217.0,63.72
2026-08-03,LXCHEM,178.48,180.46,182.01,1691485,619178.0,36.61
2026-04-27,M&M,3038.4,3102.4,3093.06,1816150,1042278.0,57.39
2026-04-28,M&M,3102.4,3088.1,3101.04,2645344,1716066.0,64.87
2026-04-29,M&M,3088.1,3152.3,3164.12,3917359,2385289.0,60.89
2026-04-30,M&M,3152.3,3097.5,3082.32,3331158,1792710.0,53.82
2026-05-04,M&M,3097.5,3106.5,3122.93,2873467,1426313.0,49.64
2026-05-05,M&M,3106.5,3210.8,3148.5,6454419,2048549.0,31.74
2026-05-06,M&M,3210.8,3300.8,3286.03,6007370,2847266.0,47.4
2026-05-07,M&M,3300.8,3370.7,3369.81,4916193,2741887.0,55.77
2026-05-08,M&M,3370.7,3330.4,3342.84,2071348,1203830.0,58.12
2026-05-11,M&M,3330.4,3245.9,3257.19,2320887,1105340.0,47.63
2026-05-12,M&M,3245.9,3176.0,3210.88,2638081,1340610.0,50.82
2026-05-13,M&M,3176.0,3111.8,3136.88,2692484,1476981.0,54.86
2026-05-14,M&M,3111.8,3173.9,3145.65,2167959,995013.0,45.9
2026-05-15,M&M,3173.9,3123.1,3142.36,2196383,1284756.0,58.49
2026-05-18,M&M,3123.1,3083.7,3080.39,1962357,1086008.0,55.34
2026-05-19,M&M,3083.7,3092.3,3104.98,3151874,1443206.0,45.79
2026-05-20,M&M,3092.3,3122.2,3101.7,2330606,1171161.0,50.25
2026-05-21,M&M,3122.2,3099.0,3106.24,1877207,622188.0,33.14
2026-05-22,M&M,3099.0,3081.3,3099.16,2407171,1278679.0,53.12
2026-05-25,M&M,3081.3,3139.0,3144.59,2423710,1211132.0,49.97
2026-05-26,M&M,3139.0,3107.3,3127.86,1791919,954654.0,53.28
2026-05-27,M&M,3107.3,3121.6,3124.99,1408612,600552.0,42.63
2026-05-29,M&M,3121.6,3045.6,3062.07,11402867,8312886.0,72.9
2026-06-01,M&M,3045.6,2970.2,2994.22,5763247,3262140.0,56.6
2026-06-02,M&M,2970.2,2998.3,2985.36,4045354,2412998.0,59.65
2026-06-03,M&M,2998.3,3011.1,3006.8,3110137,1684444.0,54.16
2026-06-04,M&M,3011.1,3016.1,3028.08,2788572,1391308.0,49.89
2026-06-05,M&M,3016.1,3040.5,3039.1,1685633,826681.0,49.04
2026-06-08,M&M,3040.5,2966.0,2974.91,2415904,1240797.0,51.36
2026-06-09,M&M,2966.0,2990.1,2996.89,2527267,1561077.0,61.77
2026-06-10,M&M,2990.1,2952.5,2976.13,2281551,1310474.0,57.44
2026-06-11,M&M,2952.5,3000.9,2972.91,3177902,1651137.0,51.96
2026-06-12,M&M,3000.9,3042.9,3018.39,3557496,2232053.0,62.74
2026-06-15,M&M,3042.9,3134.3,3133.62,5286854,3163384.0,59.83
2026-06-16,M&M,3134.3,3137.9,3135.39,3551761,2490281.0,70.11
2026-06-17,M&M,3137.9,3132.9,3131.7,3186836,2069153.0,64.93
2026-06-18,M&M,3132.9,3136.5,3136.66,2432013,1604007.0,65.95
2026-06-19,M&M,3136.5,3074.8,3082.95,3408840,2389165.0,70.09
2026-06-22,M&M,3074.8,3063.4,3078.07,2186778,1450567.0,66.33
2026-06-23,M&M,3063.4,3037.3,3055.84,2828392,1812075.0,64.07
2026-06-24,M&M,3037.3,3064.5,3064.41,2179193,1353245.0,62.1
2026-06-25,M&M,3064.5,3182.2,3174.03,5346892,2868251.0,53.64
2026-06-29,M&M,3182.2,3093.0,3116.16,3700623,2242725.0,60.6
2026-06-30,M&M,3093.0,3068.8,3086.55,3882185,2435076.0,62.72
2026-07-01,M&M,3068.8,3130.0,3139.17,2754707,1077169.0,39.1
2026-07-02,M&M,3130.0,3175.4,3149.1,2624368,1224178.0,46.65
2026-07-03,M&M,3175.4,3136.9,3149.07,2414988,1388539.0,57.5
2026-07-06,M&M,3136.9,3201.2,3186.27,2637740,1526318.0,57.86
2026-07-07,M&M,3201.2,3196.4,3197.77,2426521,1526281.0,62.9
2026-07-08,M&M,3196.4,3102.5,3145.83,2933765,1680373.0,57.28
2026-07-09,M&M,3102.5,3085.4,3103.15,2922682,1631873.0,55.83
2026-07-10,M&M,3085.4,3129.4,3123.1,1814898,1046336.0,57.65
2026-07-13,M&M,3129.4,3160.4,3141.01,1770170,830847.0,46.94
2026-07-14,M&M,3160.4,3093.3,3101.06,2376410,1180596.0,49.68
2026-07-15,M&M,3093.3,3082.9,3095.88,2377390,1435735.0,60.39
2026-07-16,M&M,3082.9,3117.8,3125.54,1978238,926249.0,46.82
2026-07-17,M&M,3117.8,3179.2,3165.9,1627877,874600.0,53.73
2026-07-20,M&M,3179.2,3165.5,3163.6,1768417,1141509.0,64.55
2026-07-21,M&M,3165.5,3201.7,3179.4,1776773,907893.0,51.1
2026-07-22,M&M,3201.7,3175.3,3192.93,1784375,947684.0,53.11
2026-07-23,M&M,3175.3,3229.7,3228.36,2705691,1402810.0,51.85
2026-07-24,M&M,3229.7,3161.4,3160.15,2135688,1345134.0,62.98
2026-07-27,M&M,3161.4,3238.6,3219.03,2264570,1354234.0,59.8
2026-07-28,M&M,3238.6,3271.2,3267.86,2208579,1291356.0,58.47
2026-07-29,M&M,3271.2,3221.8,3249.87,3693381,2439602.0,66.05
2026-07-30,M&M,3221.8,3283.7,3270.01,4851980,1691328.0,34.86
2026-07-31,M&M,3283.7,3398.5,3390.98,6131873,3140396.0,51.21
2026-08-03,M&M,3398.5,3428.6,3407.61,2169303,1268553.0,58.48
2026-08-03,M&MFIN,385.75,405.5,400.62,5394649,2695925.0,49.97
2026-08-03,MAHABANK,79.33,79.57,79.81,11500933,6443371.0,56.02
2026-08-03,MAHSCOOTER,13009.0,13937.0,13712.29,20823,7590.0,36.45
2026-08-03,MAHSEAMLES,565.35,573.7,575.31,135333,73259.0,54.13
2026-08-03,MANAPPURAM,371.85,365.0,363.87,17549652,10474008.0,59.68
2026-08-03,MANKIND,2469.6,2483.0,2476.96,639674,361571.0,56.52
2026-08-03,MANORAMA,1604.5,1633.0,1629.81,67319,33447.0,49.68
2026-08-03,MANYAVAR,414.65,418.75,418.13,271527,146952.0,54.12
2026-08-03,MAPMYINDIA,1181.65,1196.0,1199.13,192256,72214.0,37.56
2026-08-03,MARICO,870.65,880.95,875.04,2383722,1551737.0,65.1
2026-08-03,MARKSANS,258.35,262.25,262.31,653691,355415.0,54.37
2026-04-27,MARUTI,13048.0,13222.0,13158.47,312786,156052.0,49.89
2026-04-28,MARUTI,13222.0,12892.0,13008.26,836679,355436.0,42.48
2026-04-29,MARUTI,12892.0,13257.0,13406.74,754798,251204.0,33.28
2026-04-30,MARUTI,13257.0,13314.0,13147.38,612975,290932.0,47.46
2026-05-04,MARUTI,13314.0,13580.0,13689.64,722127,292863.0,40.56
2026-05-05,MARUTI,13580.0,13426.0,13451.15,419490,210441.0,50.17
2026-05-06,MARUTI,13426.0,13722.0,13588.05,435208,188341.0,43.28
2026-05-07,MARUTI,13722.0,13770.0,13780.02,726199,354749.0,48.85
2026-05-08,MARUTI,13770.0,13726.0,13705.93,270505,130911.0,48.4
2026-05-11,MARUTI,13726.0,13483.0,13542.0,634354,354026.0,55.81
2026-05-12,MARUTI,13483.0,13172.0,13265.33,302512,149881.0,49.55
2026-05-13,MARUTI,13172.0,13103.0,13098.76,307027,125830.0,40.98
2026-05-14,MARUTI,13103.0,13075.0,13056.36,286648,121609.0,42.42
2026-05-15,MARUTI,13075.0,13221.0,13208.91,268206,99487.0,37.09
2026-05-18,MARUTI,13221.0,13016.0,12955.43,373184,194806.0,52.2
2026-05-19,MARUTI,13016.0,12956.0,12999.36,342737,183542.0,53.55
2026-05-20,MARUTI,12956.0,13003.0,12946.83,300695,137200.0,45.63
2026-05-21,MARUTI,13003.0,13010.0,13025.3,213095,80341.0,37.7
2026-05-22,MARUTI,13010.0,12987.0,13042.0,387975,210895.0,54.36
2026-05-25,MARUTI,12987.0,13170.0,13163.39,276553,147634.0,53.38
2026-05-26,MARUTI,13170.0,13208.0,13245.04,256901,127994.0,49.82
2026-05-27,MARUTI,13208.0,13364.0,13254.71,322020,161122.0,50.03
2026-05-29,MARUTI,13364.0,13127.0,13188.05,963291,647104.0,67.18
2026-06-01,MARUTI,13127.0,12946.0,13069.2,295359,121556.0,41.16
2026-06-02,MARUTI,12946.0,13022.0,12898.66,586599,313528.0,53.45
2026-06-03,MARUTI,13022.0,13044.0,13103.84,607808,322230.0,53.02
2026-06-04,MARUTI,13044.0,13064.0,13133.84,465070,204133.0,43.89
2026-06-05,MARUTI,13064.0,13050.0,13058.21,295703,122103.0,41.29
2026-06-08,MARUTI,13050.0,12912.0,12955.46,372902,212447.0,56.97
2026-06-09,MARUTI,12912.0,13120.0,12990.3,428323,232776.0,54.35
2026-06-10,MARUTI,13120.0,13073.0,13133.95,203885,98360.0,48.24
2026-06-11,MARUTI,13073.0,13098.0,13110.15,308710,141660.0,45.89
2026-06-12,MARUTI,13098.0,13366.0,13308.23,559038,278747.0,49.86
2026-06-15,MARUTI,13366.0,13805.0,13841.62,613280,264586.0,43.14
2026-06-16,MARUTI,13805.0,13691.0,13746.87,280511,157663.0,56.21
2026-06-17,MARUTI,13691.0,13630.0,13648.63,241534,120653.0,49.95
2026-06-18,MARUTI,13630.0,13484.0,13520.52,373512,222331.0,59.52
2026-06-19,MARUTI,13484.0,13395.0,13404.23,719756,538761.0,74.85
2026-06-22,MARUTI,13395.0,13421.0,13447.45,254533,156602.0,61.53
2026-06-23,MARUTI,13421.0,13451.0,13383.03,398558,196685.0,49.35
2026-06-24,MARUTI,13451.0,13248.0,13276.91,327495,151856.0,46.37
2026-06-25,MARUTI,13248.0,13745.0,13746.15,981556,470829.0,47.97
2026-06-29,MARUTI,13745.0,13412.0,13464.31,1358592,1003504.0,73.86
2026-06-30,MARUTI,13412.0,14115.0,13984.32,1511415,708165.0,46.85
2026-07-01,MARUTI,14115.0,14395.0,14340.21,1397790,775771.0,55.5
2026-07-02,MARUTI,14395.0,14348.0,14362.45,327088,137621.0,42.07
2026-07-03,MARUTI,14348.0,14366.0,14424.67,384188,192248.0,50.04
2026-07-06,MARUTI,14366.0,14456.0,14437.36,214686,94597.0,44.06
2026-07-07,MARUTI,14456.0,14538.0,14517.16,524759,346380.0,66.01
2026-07-08,MARUTI,14538.0,13951.0,14172.34,481076,239223.0,49.73
2026-07-09,MARUTI,13951.0,13728.0,13840.69,576451,309730.0,53.73
2026-07-10,MARUTI,13728.0,13854.0,13871.07,430154,224402.0,52.17
2026-07-13,MARUTI,13854.0,13695.0,13700.09,458633,180921.0,39.45
2026-07-14,MARUTI,13695.0,13489.0,13531.96,368645,179428.0,48.67
2026-07-15,MARUTI,13489.0,13583.0,13533.53,456369,244205.0,53.51
2026-07-16,MARUTI,13583.0,13783.0,13766.85,356847,173005.0,48.48
2026-07-17,MARUTI,13783.0,13803.0,13789.3,237330,101370.0,42.71
2026-07-20,MARUTI,13803.0,13514.0,13549.49,517730,272823.0,52.7
2026-07-21,MARUTI,13514.0,13597.0,13461.28,341101,123153.0,36.1
2026-07-22,MARUTI,13597.0,13545.0,13572.51,299404,152065.0,50.79
2026-07-23,MARUTI,13545.0,13403.0,13464.63,327912,173556.0,52.93
2026-07-24,MARUTI,13403.0,13442.0,13369.81,223369,83647.0,37.45
2026-07-27,MARUTI,13442.0,13730.0,13647.89,333477,182035.0,54.59
2026-07-28,MARUTI,13730.0,13802.0,13778.84,481068,310060.0,64.45
2026-07-29,MARUTI,13802.0,13948.0,13882.52,515674,346631.0,67.22
2026-07-30,MARUTI,13948.0,14188.0,13998.77,626000,327871.0,52.38
2026-07-31,MARUTI,14188.0,14234.0,14232.55,535417,231277.0,43.2
2026-08-03,MARUTI,14234.0,14150.0,14114.71,961183,459377.0,47.79
2026-08-03,MASTEK,1874.8,1893.2,1878.2,85210,34748.0,40.78
2026-08-03,MAXHEALTH,1098.5,1100.4,1103.8,1187048,591303.0,49.81
2026-08-03,MAZDOCK,2381.8,2390.0,2389.61,498319,134864.0,27.06
2026-08-03,MCX,2692.2,2642.1,2650.08,2108978,1036403.0,49.14
2026-08-03,MEDANTA,1405.6,1444.9,1445.61,382840,184750.0,48.26
2026-08-03,MEDPLUS,704.95,696.4,699.07,218379,141112.0,64.62
2026-08-03,MEESHO,182.19,191.57,189.57,11827508,5022251.0,42.46
2026-08-03,METROPOLIS,582.45,596.45,595.87,184833,84643.0,45.79
2026-08-03,MFSL,1499.0,1542.5,1527.32,500008,283419.0,56.68
2026-08-03,MGL,1120.5,1115.7,1120.3,145295,69345.0,47.73
2026-08-03,MIDHANI,396.0,403.65,403.31,321794,155049.0,48.18
2026-08-03,MINDACORP,700.95,727.6,726.21,749804,308703.0,41.17
2026-08-03,MMTC,62.66,63.65,63.74,1667788,714956.0,42.87
2026-08-03,MOIL,281.05,282.05,283.29,707805,217720.0,30.76
2026-08-03,MOTHERSON,150.75,155.01,153.71,17765051,10640319.0,59.89
2026-08-03,MOTILALOFS,851.95,867.95,866.75,688125,284654.0,41.37
2026-08-03,MPHASIS,2342.3,2429.0,2390.41,423329,170369.0,40.25
2026-08-03,MRF,132770.0,133730.0,133932.49,3472,1556.0,44.82
2026-08-03,MRPL,169.94,174.06,174.75,8770678,2987535.0,34.06
2026-08-03,MSTCLTD,618.2,608.8,618.06,158493,80062.0,50.51
2026-08-03,MSUMI,40.61,41.48,41.62,7432396,3550433.0,47.77
2026-08-03,MUTHOOTFIN,3119.6,2890.9,2837.29,8573629,3354666.0,39.13
2026-08-03,NAM-INDIA,1161.4,1165.0,1167.41,515538,266350.0,51.66
2026-08-03,NATCOPHARM,917.0,929.1,932.05,289116,154461.0,53.43
2026-08-03,NATIONALUM,350.05,369.0,360.35,12541474,4352851.0,34.71
2026-08-03,NAUKRI,1226.25,1268.8,1254.04,937278,510392.0,54.45
2026-08-03,NAVA,553.45,579.9,580.42,527726,196664.0,37.27
2026-08-03,NAVINFLUOR,7567.5,7555.0,7625.16,97345,56014.0,57.54
2026-08-03,NAZARA,339.0,339.55,339.82,3028157,1336453.0,44.13
2026-08-03,NBCC,94.8,95.5,95.89,5156861,2017879.0,39.13
2026-08-03,NCC,141.08,144.42,144.53,1905604,865896.0,45.44
2026-08-03,NEOGEN,2023.1,2056.1,2055.21,81141,33712.0,41.55
2026-08-03,NESCO,1064.8,1073.4,1079.34,22505,11819.0,52.52
2026-04-27,NESTLEIND,1421.3,1417.3,1425.37,1719329,1037402.0,60.34
2026-04-28,NESTLEIND,1417.3,1440.0,1435.35,4008095,2908009.0,72.55
2026-04-29,NESTLEIND,1440.0,1465.6,1458.41,2753356,1935702.0,70.3
2026-04-30,NESTLEIND,1465.6,1458.6,1455.16,2305703,1643836.0,71.29
2026-05-04,NESTLEIND,1458.6,1457.1,1460.35,1744112,1116802.0,64.03
2026-05-05,NESTLEIND,1457.1,1477.8,1469.09,2490700,1636776.0,65.72
2026-05-06,NESTLEIND,1477.8,1486.1,1482.61,2133310,1487307.0,69.72
2026-05-07,NESTLEIND,1486.1,1476.0,1475.99,2247161,1643063.0,73.12
2026-05-08,NESTLEIND,1476.0,1482.4,1485.17,1471411,916541.0,62.29
2026-05-11,NESTLEIND,1482.4,1481.9,1487.06,1358397,712075.0,52.42
2026-05-12,NESTLEIND,1481.9,1468.6,1475.03,1017058,595798.0,58.58
2026-05-13,NESTLEIND,1468.6,1468.9,1472.42,2205792,1383812.0,62.74
2026-05-14,NESTLEIND,1468.9,1459.6,1461.67,1251986,828711.0,66.19
2026-05-15,NESTLEIND,1459.6,1430.5,1441.29,3292954,2422092.0,73.55
2026-05-18,NESTLEIND,1430.5,1431.7,1429.92,2030857,1106090.0,54.46
2026-05-19,NESTLEIND,1431.7,1431.4,1440.81,1803745,1201117.0,66.59
2026-05-20,NESTLEIND,1431.4,1420.1,1415.49,1425216,989782.0,69.45
2026-05-21,NESTLEIND,1420.1,1406.5,1410.14,2049251,1372670.0,66.98
2026-05-22,NESTLEIND,1406.5,1423.1,1419.61,1306017,781263.0,59.82
2026-05-25,NESTLEIND,1423.1,1413.6,1421.27,812160,417607.0,51.42
2026-05-26,NESTLEIND,1413.6,1428.6,1424.52,1472818,892599.0,60.6
2026-05-27,NESTLEIND,1428.6,1427.5,1433.38,1114165,660862.0,59.31
2026-05-29,NESTLEIND,1427.5,1421.5,1422.06,13063475,9301624.0,71.2
2026-06-01,NESTLEIND,1421.5,1391.8,1401.57,843583,479298.0,56.82
2026-06-02,NESTLEIND,1391.8,1398.7,1388.76,1860526,1073996.0,57.73
2026-06-03,NESTLEIND,1398.7,1391.5,1395.32,1725869,1081022.0,62.64
2026-06-04,NESTLEIND,1391.5,1382.9,1387.1,1793823,1266760.0,70.62
2026-06-05,NESTLEIND,1382.9,1386.2,1380.79,1342143,850597.0,63.38
2026-06-08,NESTLEIND,1386.2,1398.9,1399.34,1107621,556067.0,50.2
2026-06-09,NESTLEIND,1398.9,1410.4,1407.81,1298664,820484.0,63.18
2026-06-10,NESTLEIND,1410.4,1438.3,1441.15,2288648,1105295.0,48.29
2026-06-11,NESTLEIND,1438.3,1422.5,1431.54,1538190,926409.0,60.23
2026-06-12,NESTLEIND,1422.5,1375.7,1394.72,2380729,1007392.0,42.31
2026-06-15,NESTLEIND,1375.7,1374.7,1386.24,1885900,1061824.0,56.3
2026-06-16,NESTLEIND,1374.7,1391.7,1395.15,1899090,1113432.0,58.63
2026-06-17,NESTLEIND,1391.7,1407.3,1406.69,1876655,1048336.0,55.86
2026-06-18,NESTLEIND,1407.3,1400.4,1402.09,1065482,683057.0,64.11
2026-06-19,NESTLEIND,1400.4,1414.8,1409.49,1832928,1228295.0,67.01
2026-06-22,NESTLEIND,1414.8,1401.9,1409.72,1481212,888182.0,59.96
2026-06-23,NESTLEIND,1401.9,1392.2,1398.39,1646370,1155441.0,70.18
2026-06-24,NESTLEIND,1392.2,1382.6,1386.88,1469059,946678.0,64.44
2026-06-25,NESTLEIND,1382.6,1402.6,1400.14,1968226,1187375.0,60.33
2026-06-29,NESTLEIND,1402.6,1387.3,1400.36,3412530,2326893.0,68.19
2026-06-30,NESTLEIND,1387.3,1405.2,1405.87,3178483,1817760.0,57.19
2026-07-01,NESTLEIND,1405.2,1453.8,1444.91,2672318,1056756.0,39.54
2026-07-02,NESTLEIND,1453.8,1446.2,1451.18,1434136,801496.0,55.89
2026-07-03,NESTLEIND,1446.2,1459.8,1453.35,1863379,907669.0,48.71
2026-07-06,NESTLEIND,1459.8,1473.7,1464.7,1178983,644426.0,54.66
2026-07-07,NESTLEIND,1473.7,1471.8,1470.68,1811724,1064985.0,58.78
2026-07-08,NESTLEIND,1471.8,1450.5,1457.93,1855873,1178400.0,63.5
2026-07-09,NESTLEIND,1450.5,1463.2,1469.99,1346613,762525.0,56.63
2026-07-10,NESTLEIND,1463.2,1455.2,1459.39,1563905,1065077.0,68.1
2026-07-13,NESTLEIND,1455.2,1427.0,1431.9,2167829,1518193.0,70.03
2026-07-14,NESTLEIND,1427.0,1427.1,1431.79,1841895,1051350.0,57.08
2026-07-15,NESTLEIND,1427.1,1424.4,1429.7,1328750,826854.0,62.23
2026-07-16,NESTLEIND,1424.4,1423.5,1425.78,1179052,801177.0,67.95
2026-07-17,NESTLEIND,1423.5,1427.2,1423.21,1433884,834333.0,58.19
2026-07-20,NESTLEIND,1427.2,1446.3,1443.62,1689777,1009690.0,59.75
2026-07-21,NESTLEIND,1446.3,1451.9,1453.63,1657756,881092.0,53.15
2026-07-22,NESTLEIND,1451.9,1493.6,1487.8,6542494,2103894.0,32.16
2026-07-23,NESTLEIND,1493.6,1447.9,1461.31,2496998,914080.0,36.61
2026-07-24,NESTLEIND,1447.9,1443.5,1449.5,3041475,1712944.0,56.32
2026-07-27,NESTLEIND,1443.5,1446.1,1443.55,2030304,1244467.0,61.29
2026-07-28,NESTLEIND,1446.1,1491.8,1485.52,5464860,3399827.0,62.21
2026-07-29,NESTLEIND,1491.8,1503.3,1504.92,3055336,1912190.0,62.59
2026-07-30,NESTLEIND,1503.3,1520.7,1520.96,3698063,2530392.0,68.42
2026-07-31,NESTLEIND,1520.7,1509.6,1509.65,2501825,1776907.0,71.02
2026-08-03,NESTLEIND,1509.6,1530.0,1515.68,1232625,728780.0,59.12
2026-08-03,NETWEB,4524.0,4586.0,4633.36,2334958,409932.0,17.56
2026-08-03,NETWORK18,29.45,29.38,29.58,2035411,1062602.0,52.21
2026-08-03,NEULANDLAB,19043.0,19675.0,19662.83,46146,17968.0,38.94
2026-08-03,NEWGEN,555.7,562.75,563.03,1071891,249918.0,23.32
2026-08-03,NFL,71.47,71.84,72.06,356485,173654.0,48.71
2026-08-03,NH,2029.2,1919.7,1932.35,1188916,706517.0,59.43
2026-08-03,NHPC,78.73,79.25,79.92,21147708,8847137.0,41.83
2026-08-03,NIACL,173.62,175.46,176.16,1164311,402431.0,34.56
2026-08-03,NIVABUPA,87.01,86.56,87.73,1535003,623463.0,40.62
2026-08-03,NLCINDIA,297.9,298.05,299.31,1390048,687364.0,49.45
2026-08-03,NMDC,85.04,83.8,84.07,18494856,10234312.0,55.34
2026-08-03,NSLNISP,43.02,43.37,43.47,3092634,1770557.0,57.25
2026-04-27,NTPC,401.85,410.2,410.02,13001752,7804099.0,60.02
2026-04-28,NTPC,410.2,406.85,409.34,7726655,3694338.0,47.81
2026-04-29,NTPC,406.85,401.3,404.65,11920835,6985074.0,58.6
2026-04-30,NTPC,401.3,399.15,397.67,7706357,4677496.0,60.7
2026-05-04,NTPC,399.15,400.05,400.58,6333200,3861066.0,60.97
2026-05-05,NTPC,400.05,398.65,398.11,6791514,3724546.0,54.84
2026-05-06,NTPC,398.65,394.85,396.24,11120409,7498616.0,67.43
2026-05-07,NTPC,394.85,400.35,399.36,9700378,4675899.0,48.2
2026-05-08,NTPC,400.35,402.15,401.03,4740939,2632332.0,55.52
2026-05-11,NTPC,402.15,392.95,397.14,10088836,5385408.0,53.38
2026-05-12,NTPC,392.95,392.7,395.41,10247516,4999078.0,48.78
2026-05-13,NTPC,392.7,390.45,389.6,12322076,7552390.0,61.29
2026-05-14,NTPC,390.45,396.3,395.97,7363948,3612770.0,49.06
2026-05-15,NTPC,396.3,395.25,395.23,7107857,4352412.0,61.23
2026-05-18,NTPC,395.25,388.3,389.11,7632596,4856286.0,63.63
2026-05-19,NTPC,388.3,389.4,390.12,6693518,3865920.0,57.76
2026-05-20,NTPC,389.4,392.45,389.54,5386249,2955132.0,54.86
2026-05-21,NTPC,392.45,388.8,390.24,10596954,6914513.0,65.25
2026-05-22,NTPC,388.8,388.65,388.96,11755213,7383132.0,62.81
2026-05-25,NTPC,388.65,390.05,389.56,10489850,5966006.0,56.87
2026-05-26,NTPC,390.05,389.7,390.31,9062218,5761337.0,63.58
2026-05-27,NTPC,389.7,398.15,396.82,14418621,7205315.0,49.97
2026-05-29,NTPC,398.15,386.9,388.95,17003143,11771515.0,69.23
2026-06-01,NTPC,386.9,378.7,380.23,18408900,9240186.0,50.19
2026-06-02,NTPC,378.7,367.4,367.67,17496468,10701125.0,61.16
2026-06-03,NTPC,367.4,366.8,366.44,10825715,6779210.0,62.62
2026-06-04,NTPC,366.8,366.4,366.86,14363519,9687301.0,67.44
2026-06-05,NTPC,366.4,361.65,362.91,10277061,6388654.0,62.16
2026-06-08,NTPC,361.65,362.4,362.77,14933986,10026799.0,67.14
2026-06-09,NTPC,362.4,355.65,356.86,14246656,9571753.0,67.19
2026-06-10,NTPC,355.65,351.65,354.66,14939921,10133093.0,67.83
2026-06-11,NTPC,351.65,351.85,351.63,15079402,10441772.0,69.25
2026-06-12,NTPC,351.85,353.9,352.62,8740239,4671689.0,53.45
2026-06-15,NTPC,353.9,348.1,350.22,17190759,11206339.0,65.19
2026-06-16,NTPC,348.1,355.55,353.38,14555184,9653562.0,66.32
2026-06-17,NTPC,355.55,355.55,353.88,9299676,5565396.0,59.85
2026-06-18,NTPC,355.55,361.95,359.66,12260776,6018843.0,49.09
2026-06-19,NTPC,361.95,365.8,365.88,17465450,10607212.0,60.73
2026-06-22,NTPC,365.8,367.05,366.84,11946682,8328848.0,69.72
2026-06-23,NTPC,367.05,364.6,364.75,11696171,7926454.0,67.77
2026-06-24,NTPC,364.6,357.05,358.92,12770898,7901236.0,61.87
2026-06-25,NTPC,357.05,352.05,355.0,19767157,13466205.0,68.12
2026-06-29,NTPC,352.05,356.1,355.88,49895302,38451958.0,77.07
2026-06-30,NTPC,356.1,356.65,355.64,10291360,5480442.0,53.25
2026-07-01,NTPC,356.65,357.9,358.1,6915166,3584969.0,51.84
2026-07-02,NTPC,357.9,358.25,357.87,6513560,3633402.0,55.78
2026-07-03,NTPC,358.25,356.45,357.98,6588714,3615886.0,54.88
2026-07-06,NTPC,356.45,356.25,357.27,6204261,3988533.0,64.29
2026-07-07,NTPC,356.25,354.2,354.62,8149003,5494246.0,67.42
2026-07-08,NTPC,354.2,348.7,349.97,9572223,6103490.0,63.76
2026-07-09,NTPC,348.7,343.7,345.83,17821421,11867451.0,66.59
2026-07-10,NTPC,343.7,344.55,345.2,13016441,8845109.0,67.95
2026-07-13,NTPC,344.55,351.75,348.96,8226337,4748494.0,57.72
2026-07-14,NTPC,351.75,348.15,350.15,8579646,4915777.0,57.3
2026-07-15,NTPC,348.15,344.35,345.7,11352533,7084769.0,62.41
2026-07-16,NTPC,344.35,342.45,344.2,10347549,6622832.0,64.0
2026-07-17,NTPC,342.45,341.85,342.08,7612446,4826851.0,63.41
2026-07-20,NTPC,341.85,347.25,346.59,14463484,9161386.0,63.34
2026-07-21,NTPC,347.25,348.55,346.85,8575793,4613141.0,53.79
2026-07-22,NTPC,348.55,350.5,349.34,7035952,4704037.0,66.86
2026-07-23,NTPC,350.5,348.6,348.74,6863144,3982863.0,58.03
2026-07-24,NTPC,348.6,347.2,347.89,6300466,3817873.0,60.6
2026-07-27,NTPC,347.2,350.8,350.52,12350753,7673049.0,62.13
2026-07-28,NTPC,350.8,343.75,343.77,12409670,8223578.0,66.27
2026-07-29,NTPC,343.75,343.5,342.97,8471125,5584275.0,65.92
2026-07-30,NTPC,343.5,344.85,344.89,9943764,5834292.0,58.67
2026-07-31,NTPC,344.85,347.25,346.27,8519119,5551277.0,65.16
2026-08-03,NTPC,347.25,350.9,347.21,5460220,3291125.0,60.27
2026-08-03,NTPCGREEN,90.03,90.7,90.93,4694420,2981678.0,63.52
2026-08-03,NUVAMA,1803.8,1765.7,1767.26,316161,152461.0,48.22
2026-08-03,NUVOCO,344.65,350.6,350.22,284291,136306.0,47.95
2026-08-03,NYKAA,333.4,344.9,340.14,6931047,3801916.0,54.85
2026-08-03,OBEROIRLTY,1827.7,1861.1,1831.67,178400,97262.0,54.52
2026-08-03,OFSS,11186.0,11332.0,11363.66,164111,63604.0,38.76
2026-08-03,OIL,458.6,452.0,452.26,3770840,2223275.0,58.96
2026-08-03,OLAELEC,38.66,38.74,38.91,20929717,6481534.0,30.97
2026-08-03,OLECTRA,1324.2,1344.2,1346.16,216171,83813.0,38.77
2026-08-03,ONESOURCE,1619.7,1560.5,1585.8,291606,151019.0,51.79
2026-04-27,ONGC,284.8,285.9,285.47,6497916,3695722.0,56.88
2026-04-28,ONGC,285.9,301.3,296.95,51575179,26753437.0,51.87
2026-04-29,ONGC,301.3,301.4,303.99,27267649,13044787.0,47.84
2026-04-30,ONGC,301.4,299.55,300.84,17490096,7356474.0,42.06
2026-05-04,ONGC,299.55,292.9,294.02,15468437,9150497.0,59.16
2026-05-05,ONGC,292.9,289.95,290.11,10750753,3815846.0,35.49
2026-05-06,ONGC,289.95,280.8,283.8,22858013,13304586.0,58.21
2026-05-07,ONGC,280.8,283.9,283.4,15608370,8165266.0,52.31
2026-05-08,ONGC,283.9,279.2,280.31,9290168,4504834.0,48.49
2026-05-11,ONGC,279.2,281.0,280.08,6948202,2456936.0,35.36
2026-05-12,ONGC,281.0,294.5,295.72,52080828,13961700.0,26.81
2026-05-13,ONGC,294.5,297.15,297.15,24381295,12439592.0,51.02
2026-05-14,ONGC,297.15,300.9,301.79,22660293,12545102.0,55.36
2026-05-15,ONGC,300.9,299.35,300.61,13695307,7477833.0,54.6
2026-05-18,ONGC,299.35,297.2,297.36,10521642,5540742.0,52.66
2026-05-19,ONGC,297.2,296.5,296.38,9565497,4954086.0,51.79
2026-05-20,ONGC,296.5,298.3,298.99,12258794,5651742.0,46.1
2026-05-21,ONGC,298.3,295.85,296.24,14084672,8638635.0,61.33
2026-05-22,ONGC,295.85,290.0,291.53,11563330,6924850.0,59.89
2026-05-25,ONGC,290.0,284.95,285.83,12837047,5236503.0,40.79
2026-05-26,ONGC,284.95,287.5,287.34,10629491,4647813.0,43.73
2026-05-27,ONGC,287.5,274.05,276.85,29178516,14288740.0,48.97
2026-05-29,ONGC,274.05,265.4,266.41,74403401,51989539.0,69.88
2026-06-01,ONGC,265.4,264.3,264.58,9095622,4946802.0,54.39
2026-06-02,ONGC,264.3,265.05,264.0,16831714,9466722.0,56.24
2026-06-03,ONGC,265.05,267.75,267.04,14618721,7412658.0,50.71
2026-06-04,ONGC,267.75,267.55,267.46,15217360,8862169.0,58.24
2026-06-05,ONGC,267.55,264.75,265.1,7493239,4265798.0,56.93
2026-06-08,ONGC,264.75,264.65,264.63,6974540,3314899.0,47.53
2026-06-09,ONGC,264.65,259.0,261.06,10796349,5583848.0,51.72
2026-06-10,ONGC,259.0,251.9,255.83,10176332,3885974.0,38.19
2026-06-11,ONGC,251.9,252.6,253.26,13516341,5589002.0,41.35
2026-06-12,ONGC,252.6,246.2,245.79,31112657,16224897.0,52.15
2026-06-15,ONGC,246.2,243.65,244.27,25211118,15526574.0,61.59
2026-06-16,ONGC,243.65,248.2,246.54,17468010,10758929.0,61.59
2026-06-17,ONGC,248.2,245.0,245.37,12816262,6595382.0,51.46
2026-06-18,ONGC,245.0,245.3,244.71,13816485,8274052.0,59.89
2026-06-19,ONGC,245.3,246.25,245.12,7609532,4258180.0,55.96
2026-06-22,ONGC,246.25,245.45,245.9,7334095,3522439.0,48.03
2026-06-23,ONGC,245.45,244.35,244.87,7400255,4132486.0,55.84
2026-06-24,ONGC,244.35,240.0,241.69,10278033,5704712.0,55.5
2026-06-25,ONGC,240.0,233.1,235.32,36085563,24090724.0,66.76
2026-06-29,ONGC,233.1,234.05,234.06,38227413,23475141.0,61.41
2026-06-30,ONGC,234.05,234.9,233.33,24134402,11595312.0,48.04
2026-07-01,ONGC,234.9,234.99,234.67,11835312,7523043.0,63.56
2026-07-02,ONGC,234.99,235.96,234.86,14033169,8153526.0,58.1
2026-07-03,ONGC,235.96,237.84,238.01,11086950,6270030.0,56.55
2026-07-06,ONGC,237.84,243.9,241.51,22386040,12725444.0,56.85
2026-07-07,ONGC,243.9,244.18,244.11,15287101,10606094.0,69.38
2026-07-08,ONGC,244.18,247.0,245.53,24753835,10806249.0,43.65
2026-07-09,ONGC,247.0,243.65,244.94,14066120,7476744.0,53.15
2026-07-10,ONGC,243.65,244.96,244.65,8237303,5296083.0,64.29
2026-07-13,ONGC,244.96,248.45,247.72,12453319,5131015.0,41.2
2026-07-14,ONGC,248.45,248.9,248.92,16299949,8891576.0,54.55
2026-07-15,ONGC,248.9,247.18,247.66,13302251,8990794.0,67.59
2026-07-16,ONGC,247.18,246.75,246.71,6243845,3565279.0,57.1
2026-07-17,ONGC,246.75,247.29,246.96,6214332,3825896.0,61.57
2026-07-20,ONGC,247.29,249.58,250.7,10627783,4933797.0,46.42
2026-07-21,ONGC,249.58,249.89,249.98,12240171,8018772.0,65.51
2026-07-22,ONGC,249.89,251.9,251.72,10909821,5733160.0,52.55
2026-07-23,ONGC,251.9,252.37,252.79,9104521,5085011.0,55.85
2026-07-24,ONGC,252.37,248.76,250.07,7645869,3342511.0,43.72
2026-07-27,ONGC,248.76,238.56,241.08,19910285,10213655.0,51.3
2026-07-28,ONGC,238.56,238.91,238.14,13362577,6662017.0,49.86
2026-07-29,ONGC,238.91,238.31,238.91,9139712,5602169.0,61.29
2026-07-30,ONGC,238.31,241.59,242.45,11419363,5632503.0,49.32
2026-07-31,ONGC,241.59,242.53,241.16,10070729,6266355.0,62.22
2026-08-03,ONGC,242.53,242.0,241.28,8277525,4766212.0,57.58
2026-08-03,OPTIEMUS,637.65,657.8,652.93,394268,201204.0,51.03
2026-08-03,ORIENTCEM,136.64,139.51,139.18,265963,148381.0,55.79
2026-08-03,ORKLAINDIA,557.3,573.6,569.39,96546,65103.0,67.43
2026-08-03,OSWALPUMPS,329.15,331.25,333.99,812409,495074.0,60.94
2026-08-03,PAGEIND,40375.0,40200.0,40314.55,8626,2342.0,27.15
2026-08-03,PARADEEP,147.33,144.92,147.55,7384190,2760330.0,37.38
2026-08-03,PARAS,1256.5,1292.3,1300.24,1553761,459791.0,29.59
2026-08-03,PARKHOSPS,292.65,288.6,295.46,1692327,581100.0,34.34
2026-08-03,PATANJALI,354.6,364.0,359.42,5089623,1454165.0,28.57
2026-08-03,PAYTM,1343.0,1410.0,1403.86,7964165,2361573.0,29.65
2026-08-03,PCBL,317.9,326.8,328.87,3202738,1043393.0,32.58
2026-08-03,PCJEWELLER,9.26,9.64,9.6,252990519,51798012.0,20.47
2026-08-03,PERSISTENT,5549.0,5575.0,5454.45,1344826,390868.0,29.06
2026-08-03,PETRONET,280.75,284.85,282.33,1506784,838712.0,55.66
2026-08-03,PFC,424.35,421.5,421.47,5985708,3751254.0,62.67
2026-08-03,PFIZER,4823.9,4914.6,4899.09,44131,29621.0,67.12
2026-08-03,PFOCUS,287.11,298.75,299.3,1045783,478028.0,45.71
2026-08-03,PGEL,613.35,618.0,620.74,1239700,342607.0,27.64
2026-08-03,PGIL,2064.8,2103.4,2107.87,70465,31647.0,44.91
2026-08-03,PHOENIXLTD,1893.3,1955.0,1916.56,380365,175930.0,46.25
2026-08-03,PICCADIL,733.85,752.0,746.42,299304,179858.0,60.09
2026-08-03,PIDILITIND,1611.4,1642.5,1629.53,653565,427166.0,65.36
2026-08-03,PIIND,2751.2,2793.0,2817.78,276209,125589.0,45.47
2026-08-03,PINELABS,138.97,152.17,149.95,71026387,15465253.0,21.77
2026-08-03,PIRAMALFIN,2055.5,2047.8,2057.35,317656,221949.0,69.87
2026-08-03,PNB,112.71,113.0,113.61,12088257,5299697.0,43.84
2026-08-03,PNBHOUSING,1053.1,1090.0,1083.36,1194896,564504.0,47.24
2026-08-03,PNCINFRA,246.12,247.58,248.66,562424,311261.0,55.34
2026-08-03,PNGJL,670.3,658.05,668.4,356967,193188.0,54.12
2026-08-03,POLICYBZR,1601.5,1650.0,1626.89,648291,307926.0,47.5
2026-08-03,POLYCAB,9106.5,9034.0,9068.9,154112,80772.0,52.41
2026-08-03,POLYMED,1702.0,1727.9,1733.45,98125,51035.0,52.01
2026-08-03,POONAWALLA,463.55,471.9,470.59,855124,438338.0,51.26
2026-04-27,POWERGRID,316.4,320.9,321.08,9334181,5163624.0,55.32
2026-04-28,POWERGRID,320.9,319.0,319.59,9083528,5431093.0,59.79
2026-04-29,POWERGRID,319.0,320.35,321.35,10372929,6818611.0,65.73
2026-04-30,POWERGRID,320.35,318.35,317.94,9521058,5632005.0,59.15
2026-05-04,POWERGRID,318.35,319.05,320.01,7370269,4027867.0,54.65
2026-05-05,POWERGRID,319.05,319.45,318.47,8569582,3998299.0,46.66
2026-05-06,POWERGRID,319.45,315.95,316.74,4884118,2732871.0,55.95
2026-05-07,POWERGRID,315.95,313.8,314.11,9126203,5013161.0,54.93
2026-05-08,POWERGRID,313.8,313.95,313.2,7929393,4951172.0,62.44
2026-05-11,POWERGRID,313.95,310.9,311.17,8204425,5381023.0,65.59
2026-05-12,POWERGRID,310.9,306.3,308.14,7952584,4338634.0,54.56
2026-05-13,POWERGRID,306.3,301.5,300.09,23775882,14629925.0,61.53
2026-05-14,POWERGRID,301.5,301.75,302.7,14012601,8466729.0,60.42
2026-05-15,POWERGRID,301.75,305.85,306.04,10092811,5953888.0,58.99
2026-05-18,POWERGRID,305.85,296.55,294.15,16036198,7016255.0,43.75
2026-05-19,POWERGRID,296.55,298.6,297.96,12580156,7934830.0,63.07
2026-05-20,POWERGRID,298.6,299.9,298.09,5672695,3364366.0,59.31
2026-05-21,POWERGRID,299.9,299.55,301.83,10353164,6588119.0,63.63
2026-05-22,POWERGRID,299.55,294.3,295.42,15105294,10553638.0,69.87
2026-05-25,POWERGRID,294.3,295.35,295.35,5896815,4006458.0,67.94
2026-05-26,POWERGRID,295.35,292.55,293.87,5625947,3323628.0,59.08
2026-05-27,POWERGRID,292.55,300.15,298.51,9883025,5433219.0,54.98
2026-05-29,POWERGRID,300.15,290.55,291.34,77407363,59567179.0,76.95
2026-06-01,POWERGRID,290.55,286.15,286.92,17628347,6102452.0,34.62
2026-06-02,POWERGRID,286.15,282.15,281.41,15198142,8851154.0,58.24
2026-06-03,POWERGRID,282.15,285.05,283.85,13002063,8054881.0,61.95
2026-06-04,POWERGRID,285.05,284.6,283.11,16292818,11106875.0,68.17
2026-06-05,POWERGRID,284.6,285.65,285.0,6955072,4430698.0,63.7
2026-06-08,POWERGRID,285.65,290.3,289.53,8748933,3943260.0,45.07
2026-06-09,POWERGRID,290.3,285.7,287.06,7973130,4542328.0,56.97
2026-06-10,POWERGRID,285.7,287.2,287.47,8330040,5543062.0,66.54
2026-06-11,POWERGRID,287.2,286.65,288.1,12064071,7364612.0,61.05
2026-06-12,POWERGRID,286.65,284.8,284.61,5478294,2632949.0,48.06
2026-06-15,POWERGRID,284.8,285.7,286.04,9319070,5348199.0,57.39
2026-06-16,POWERGRID,285.7,285.15,284.7,8146761,4900569.0,60.15
2026-06-17,POWERGRID,285.15,286.35,284.77,6008101,3727200.0,62.04
2026-06-18,POWERGRID,286.35,288.7,286.14,8381654,4583572.0,54.69
2026-06-19,POWERGRID,288.7,292.25,291.19,10295261,6405556.0,62.22
2026-06-22,POWERGRID,292.25,289.75,290.07,11678414,7380543.0,63.2
2026-06-23,POWERGRID,289.75,291.95,291.43,12328516,8208713.0,66.58
2026-06-24,POWERGRID,291.95,290.9,291.76,10221176,5930626.0,58.02
2026-06-25,POWERGRID,290.9,283.9,285.98,16305770,10570105.0,64.82
2026-06-29,POWERGRID,283.9,286.25,286.31,16957025,11736859.0,69.22
2026-06-30,POWERGRID,286.25,286.3,286.53,11985195,7243642.0,60.44
2026-07-01,POWERGRID,286.3,287.55,287.26,8147424,5179866.0,63.58
2026-07-02,POWERGRID,287.55,288.2,287.58,6456861,4181306.0,64.76
2026-07-03,POWERGRID,288.2,287.85,289.53,10260404,6723207.0,65.53
2026-07-06,POWERGRID,287.85,285.4,286.06,7799856,4975172.0,63.79
2026-07-07,POWERGRID,285.4,284.35,285.38,7251465,4903718.0,67.62
2026-07-08,POWERGRID,284.35,279.7,281.94,7306244,4388233.0,60.06
2026-07-09,POWERGRID,279.7,281.35,282.33,6800579,3869019.0,56.89
2026-07-10,POWERGRID,281.35,283.1,282.7,6812700,4394032.0,64.5
2026-07-13,POWERGRID,283.1,286.0,285.2,8083023,5404947.0,66.87
2026-07-14,POWERGRID,286.0,286.15,284.5,7596298,4355081.0,57.33
2026-07-15,POWERGRID,286.15,280.7,281.61,9907688,5901001.0,59.56
2026-07-16,POWERGRID,280.7,280.75,281.73,7143529,4726923.0,66.17
2026-07-17,POWERGRID,280.75,283.55,282.77,10985155,6844826.0,62.31
2026-07-20,POWERGRID,283.55,288.7,287.37,11380170,7753302.0,68.13
2026-07-21,POWERGRID,288.7,286.7,287.07,7517060,4765095.0,63.39
2026-07-22,POWERGRID,286.7,289.3,287.77,4595987,2880275.0,62.67
2026-07-23,POWERGRID,289.3,289.8,289.48,7407258,4394918.0,59.33
2026-07-24,POWERGRID,289.8,288.2,288.62,8474555,5253793.0,61.99
2026-07-27,POWERGRID,288.2,288.85,288.81,12143388,9007264.0,74.17
2026-07-28,POWERGRID,288.85,285.3,285.3,7118852,3843963.0,54.0
2026-07-29,POWERGRID,285.3,282.85,282.65,12375693,8152778.0,65.88
2026-07-30,POWERGRID,282.85,285.7,285.32,7903593,4970478.0,62.89
2026-07-31,POWERGRID,285.7,284.25,284.14,7804310,5353701.0,68.6
2026-08-03,POWERGRID,284.25,287.0,285.03,8749092,6342985.0,72.5
2026-08-03,POWERINDIA,32175.0,32000.0,32128.08,57777,22011.0,38.1
2026-08-03,POWERMECH,2566.4,2593.0,2601.03,92494,50826.0,54.95
2026-08-03,PPLPHARMA,195.61,199.28,199.54,7051612,2495028.0,35.38
2026-08-03,PRAJIND,311.9,315.05,315.01,381592,198832.0,52.11
2026-08-03,PREMIERENE,1022.2,1020.7,1029.96,617990,259363.0,41.97
2026-08-03,PRESTIGE,1616.2,1670.0,1627.08,349987,187490.0,53.57
2026-08-03,PRICOLLTD,696.65,732.85,728.62,1638587,730446.0,44.58
2026-08-03,PRIVISCL,3617.1,3597.0,3618.68,103747,63289.0,61.0
2026-08-03,PRSMJOHNSN,106.46,108.88,108.89,125836,67743.0,53.83
2026-08-03,PRUDENT,3292.0,3359.2,3324.24,27698,14595.0,52.69
2026-08-03,PTC,175.52,180.11,179.11,4283556,2395695.0,55.93
2026-08-03,PTCIL,17737.0,17981.0,17907.74,8054,4824.0,59.9
2026-08-03,PURVA,210.79,207.67,210.14,264312,146365.0,55.38
2026-08-03,PVRINOX,1130.6,1141.4,1141.54,583974,392534.0,67.22
2026-08-03,PWL,124.89,126.03,126.55,4198871,1172307.0,27.92
2026-08-03,QUESS,332.55,345.05,343.99,1991991,667647.0,33.52
2026-08-03,RADICO,4340.8,4459.1,4424.73,352530,204577.0,58.03
2026-08-03,RAILTEL,284.5,292.25,289.9,1106898,397355.0,35.9
2026-08-03,RAIN,222.95,229.53,229.73,5596995,2166314.0,38.7
2026-08-03,RAINBOW,1525.4,1545.6,1563.45,161412,92937.0,57.58
2026-08-03,RALLIS,217.14,217.82,218.31,863483,518710.0,60.07
2026-08-03,RAMCOCEM,918.25,945.25,940.11,128262,55873.0,43.56
2026-08-03,RATEGAIN,918.4,965.4,960.72,757521,396644.0,52.36
2026-08-03,RATNAMANI,2358.9,2371.8,2390.74,24944,13380.0,53.64
2026-08-03,RAYMONDLSL,710.5,727.3,734.34,659709,302480.0,45.85
2026-08-03,RBA,66.64,70.76,69.68,5382951,3295085.0,61.21
2026-08-03,RBLBANK,375.5,379.95,378.74,3413992,1784152.0,52.26
2026-08-03,RCF,127.4,127.62,128.28,881041,332742.0,37.77
2026-08-03,RECLTD,372.95,368.1,371.37,3512873,2043133.0,58.16
2026-08-03,REDINGTON,321.65,347.85,345.09,69118282,6615573.0,9.57
2026-08-03,REDTAPE,132.51,130.79,131.49,148310,106185.0,71.6
2026-08-03,REFEX,302.8,306.8,307.1,360544,155780.0,43.21
2026-08-03,RELAXO,403.95,408.7,409.88,208423,63486.0,30.46
2026-04-27,RELIANCE,1327.8,1365.8,1346.48,24673098,15984680.0,64.79
2026-04-28,RELIANCE,1365.8,1388.9,1380.39,41027699,26885393.0,65.53
2026-04-29,RELIANCE,1388.9,1425.4,1418.23,30542143,20507763.0,67.15
2026-04-30,RELIANCE,1425.4,1430.8,1416.42,30957881,16283197.0,52.6
2026-05-04,RELIANCE,1430.8,1463.1,1454.0,24035700,16691429.0,69.44
2026-05-05,RELIANCE,1463.1,1463.6,1461.45,23543341,10544782.0,44.79
2026-05-06,RELIANCE,1463.6,1437.9,1444.41,14221786,6769167.0,47.6
2026-05-07,RELIANCE,1437.9,1436.2,1438.64,19816903,4261570.0,21.5
2026-05-08,RELIANCE,1436.2,1435.2,1428.37,8663105,4635608.0,53.51
2026-05-11,RELIANCE,1435.2,1388.2,1402.78,15261787,9376027.0,61.43
2026-05-12,RELIANCE,1388.2,1364.0,1375.76,24357500,10240938.0,42.04
2026-05-13,RELIANCE,1364.0,1358.8,1360.83,13797989,8419138.0,61.02
2026-05-14,RELIANCE,1358.8,1361.8,1365.93,17303059,8049788.0,46.52
2026-05-15,RELIANCE,1361.8,1336.4,1339.37,19976192,13447636.0,67.32
2026-05-18,RELIANCE,1336.4,1335.9,1333.44,13022473,7474197.0,57.39
2026-05-19,RELIANCE,1335.9,1322.7,1332.15,21665501,9343867.0,43.13
2026-05-20,RELIANCE,1322.7,1359.7,1345.23,13248515,6957215.0,52.51
2026-05-21,RELIANCE,1359.7,1349.6,1352.83,17150630,6676740.0,38.93
2026-05-22,RELIANCE,1349.6,1354.5,1357.24,7105813,4083826.0,57.47
2026-05-25,RELIANCE,1354.5,1367.0,1363.11,6750071,3921477.0,58.1
2026-05-26,RELIANCE,1367.0,1356.3,1359.22,13769747,5055467.0,36.71
2026-05-27,RELIANCE,1356.3,1350.5,1354.62,13215138,4698429.0,35.55
2026-05-29,RELIANCE,1350.5,1321.2,1330.58,42634247,31551860.0,74.01
2026-06-01,RELIANCE,1321.2,1320.0,1324.32,10700603,6460846.0,60.38
2026-06-02,RELIANCE,1320.0,1314.6,1313.43,23302785,9705177.0,41.65
2026-06-03,RELIANCE,1314.6,1313.2,1309.61,20012293,10865825.0,54.3
2026-06-04,RELIANCE,1313.2,1303.7,1303.16,23474327,9510596.0,40.51
2026-06-05,RELIANCE,1303.7,1291.0,1294.8,17785223,11637226.0,65.43
2026-06-08,RELIANCE,1291.0,1263.3,1271.9,16494759,9936414.0,60.24
2026-06-09,RELIANCE,1263.3,1269.2,1264.75,23620214,11824048.0,50.06
2026-06-10,RELIANCE,1269.2,1258.8,1274.15,21012796,9317948.0,44.34
2026-06-11,RELIANCE,1258.8,1263.0,1265.78,13117486,5212340.0,39.74
2026-06-12,RELIANCE,1263.0,1293.0,1277.16,11988785,6180742.0,51.55
2026-06-15,RELIANCE,1293.0,1307.0,1311.06,18633321,10630134.0,57.05
2026-06-16,RELIANCE,1307.0,1328.8,1326.71,18513223,8733475.0,47.17
2026-06-17,RELIANCE,1328.8,1332.7,1328.97,10029170,5003254.0,49.89
2026-06-18,RELIANCE,1332.7,1328.1,1327.75,15494549,6234754.0,40.24
2026-06-19,RELIANCE,1328.1,1309.5,1317.76,24887034,14095366.0,56.64
2026-06-22,RELIANCE,1309.5,1326.5,1333.48,12931213,5782937.0,44.72
2026-06-23,RELIANCE,1326.5,1309.5,1318.19,15400184,8479383.0,55.06
2026-06-24,RELIANCE,1309.5,1313.6,1312.24,11030917,6021744.0,54.59
2026-06-25,RELIANCE,1313.6,1318.1,1320.81,12694362,7014422.0,55.26
2026-06-29,RELIANCE,1318.1,1301.0,1302.94,13757656,8969596.0,65.2
2026-06-30,RELIANCE,1301.0,1293.9,1295.14,15695263,8704168.0,55.46
2026-07-01,RELIANCE,1293.9,1308.0,1307.11,7001401,3773191.0,53.89
2026-07-02,RELIANCE,1308.0,1303.5,1303.94,17795024,10336425.0,58.09
2026-07-03,RELIANCE,1303.5,1304.0,1305.14,7839550,5182007.0,66.1
2026-07-06,RELIANCE,1304.0,1321.3,1316.79,7610709,4107659.0,53.97
2026-07-07,RELIANCE,1321.3,1308.4,1314.21,14335554,7655322.0,53.4
2026-07-08,RELIANCE,1308.4,1275.9,1284.32,19960868,11407500.0,57.15
2026-07-09,RELIANCE,1275.9,1279.8,1286.53,14651963,5180456.0,35.36
2026-07-10,RELIANCE,1279.8,1307.8,1301.71,8412537,4683839.0,55.68
2026-07-13,RELIANCE,1307.8,1296.9,1299.42,9488352,5166377.0,54.45
2026-07-14,RELIANCE,1296.9,1293.0,1296.78,13511284,4897495.0,36.25
2026-07-15,RELIANCE,1293.0,1295.5,1300.25,9577965,5093114.0,53.18
2026-07-16,RELIANCE,1295.5,1296.6,1301.2,15631046,8745884.0,55.95
2026-07-17,RELIANCE,1296.6,1327.2,1321.39,18302218,11508344.0,62.88
2026-07-20,RELIANCE,1327.2,1323.1,1330.16,14305844,6652359.0,46.5
2026-07-21,RELIANCE,1323.1,1303.7,1309.52,12753410,7494948.0,58.77
2026-07-22,RELIANCE,1303.7,1288.6,1291.01,10840383,7623313.0,70.32
2026-07-23,RELIANCE,1288.6,1272.2,1275.97,12580741,7246752.0,57.6
2026-07-24,RELIANCE,1272.2,1278.0,1274.32,9817000,5777734.0,58.85
2026-07-27,RELIANCE,1278.0,1280.0,1281.07,7163132,4761835.0,66.48
2026-07-28,RELIANCE,1280.0,1267.7,1271.03,9312184,6136279.0,65.9
2026-07-29,RELIANCE,1267.7,1275.9,1275.55,9448307,5843381.0,61.85
2026-07-30,RELIANCE,1275.9,1292.9,1290.41,12158451,5286226.0,43.48
2026-07-31,RELIANCE,1292.9,1307.8,1303.09,8624996,5632148.0,65.3
2026-08-03,RELIANCE,1307.8,1319.0,1311.09,7508023,4864043.0,64.78
2026-08-03,RELIGARE,253.15,261.1,257.89,1464485,762106.0,52.04
2026-08-03,RENUKA,21.87,22.33,22.36,8155897,3545865.0,43.48
2026-08-03,RHIM,388.55,412.25,411.13,1273074,388431.0,30.51
2026-08-03,RITES,214.09,219.31,219.3,785441,289525.0,36.86
2026-08-03,RKFORGE,651.15,681.15,665.57,3196714,1486345.0,46.5
2026-08-03,ROSSTECH,954.1,1067.1,1055.69,1333256,321961.0,24.15
2026-08-03,ROUTE,540.0,537.05,541.66,488967,141793.0,29.0
2026-08-03,RPOWER,23.41,23.87,24.18,31020819,9439719.0,30.43
2026-08-03,RRKABEL,2602.8,2631.9,2631.88,287192,145154.0,50.54
2026-08-03,RTNINDIA,31.34,33.11,32.72,2634603,992562.0,37.67
2026-08-03,RTNPOWER,8.71,8.8,8.81,18178783,6563561.0,36.11
2026-08-03,RUBICON,1491.0,1500.8,1509.56,93519,46439.0,49.66
2026-08-03,RVNL,225.48,232.9,231.27,8366055,2847301.0,34.03
2026-08-03,SAATVIKGL,433.55,437.8,438.03,36670,18146.0,49.48
2026-08-03,SAFARI,1559.6,1548.1,1532.22,153429,98485.0,64.19
2026-08-03,SAGILITY,43.4,43.88,43.96,18555073,8504889.0,45.84
2026-08-03,SAIL,169.03,165.0,170.3,12154369,5825260.0,47.93
2026-08-03,SAILIFE,1315.1,1333.4,1339.1,316024,152732.0,48.33
2026-08-03,SAMHI,179.84,181.68,181.71,777492,448572.0,57.69
2026-08-03,SAMMAANCAP,162.43,161.08,163.7,6896585,3352731.0,48.61
2026-08-03,SANDUMA,212.84,212.05,212.62,507588,242735.0,47.82
2026-08-03,SANOFICONR,4611.2,4539.5,4560.32,4422,2254.0,50.97
2026-08-03,SANSERA,3346.9,3452.7,3431.46,174571,87196.0,49.95
2026-08-03,SAPPHIRE,185.11,187.48,186.04,464853,180380.0,38.8
2026-08-03,SARDAEN,516.6,516.2,520.36,542580,239352.0,44.11
2026-08-03,SAREGAMA,522.85,514.2,522.75,363206,151559.0,41.73
2026-08-03,SBFC,90.4,92.08,91.71,1319954,778769.0,59.0
2026-08-03,SBICARD,660.15,665.05,668.11,816319,334426.0,40.97
2026-04-27,SBILIFE,1768.9,1815.4,1802.6,1918952,1172763.0,61.11
2026-04-28,SBILIFE,1815.4,1808.3,1814.67,1487099,1045288.0,70.29
2026-04-29,SBILIFE,1808.3,1816.2,1815.62,1431080,897257.0,62.7
2026-04-30,SBILIFE,1816.2,1819.0,1809.56,1082053,691720.0,63.93
2026-05-04,SBILIFE,1819.0,1820.1,1829.28,1929706,1246237.0,64.58
2026-05-05,SBILIFE,1820.1,1821.2,1824.17,1003169,581809.0,58.0
2026-05-06,SBILIFE,1821.2,1859.0,1852.59,1236623,870529.0,70.4
2026-05-07,SBILIFE,1859.0,1872.2,1871.19,1232684,822288.0,66.71
2026-05-08,SBILIFE,1872.2,1872.1,1874.55,673259,442381.0,65.71
2026-05-11,SBILIFE,1872.1,1884.4,1882.17,672604,349161.0,51.91
2026-05-12,SBILIFE,1884.4,1833.9,1840.37,1291216,800431.0,61.99
2026-05-13,SBILIFE,1833.9,1837.5,1837.52,853301,500887.0,58.7
2026-05-14,SBILIFE,1837.5,1866.7,1856.75,765124,482623.0,63.08
2026-05-15,SBILIFE,1866.7,1864.5,1867.65,851184,545987.0,64.14
2026-05-18,SBILIFE,1864.5,1860.4,1849.25,746942,418816.0,56.07
2026-05-19,SBILIFE,1860.4,1881.4,1881.37,1351813,938840.0,69.45
2026-05-20,SBILIFE,1881.4,1864.2,1870.22,563774,394524.0,69.98
2026-05-21,SBILIFE,1864.2,1859.9,1863.77,383464,201131.0,52.45
2026-05-22,SBILIFE,1859.9,1870.7,1879.18,934443,388342.0,41.56
2026-05-25,SBILIFE,1870.7,1901.9,1892.46,445135,257735.0,57.9
2026-05-26,SBILIFE,1901.9,1883.2,1887.48,812898,498722.0,61.35
2026-05-27,SBILIFE,1883.2,1864.5,1870.28,372683,210356.0,56.44
2026-05-29,SBILIFE,1864.5,1830.1,1834.05,2094924,1397314.0,66.7
2026-06-01,SBILIFE,1830.1,1812.5,1816.15,1991126,531292.0,26.68
2026-06-02,SBILIFE,1812.5,1801.7,1800.69,1196704,663148.0,55.41
2026-06-03,SBILIFE,1801.7,1784.2,1782.41,784328,458195.0,58.42
2026-06-04,SBILIFE,1784.2,1764.9,1769.71,727483,417078.0,57.33
2026-06-05,SBILIFE,1764.9,1782.8,1785.81,715458,362606.0,50.68
2026-06-08,SBILIFE,1782.8,1764.4,1768.29,438892,194442.0,44.3
2026-06-09,SBILIFE,1764.4,1769.1,1773.92,857754,550227.0,64.15
2026-06-10,SBILIFE,1769.1,1728.7,1756.47,1149490,692078.0,60.21
2026-06-11,SBILIFE,1728.7,1719.1,1718.35,965035,581374.0,60.24
2026-06-12,SBILIFE,1719.1,1706.0,1710.27,1438254,976769.0,67.91
2026-06-15,SBILIFE,1706.0,1759.5,1747.3,1258362,777659.0,61.8
2026-06-16,SBILIFE,1759.5,1767.6,1773.33,1423732,793293.0,55.72
2026-06-17,SBILIFE,1767.6,1793.6,1782.3,730989,437962.0,59.91
2026-06-18,SBILIFE,1793.6,1807.6,1801.3,784096,518416.0,66.12
2026-06-19,SBILIFE,1807.6,1800.2,1801.01,352560,179132.0,50.81
2026-06-22,SBILIFE,1800.2,1805.5,1807.0,549653,325468.0,59.21
2026-06-23,SBILIFE,1805.5,1786.2,1791.67,961453,626253.0,65.14
2026-06-24,SBILIFE,1786.2,1767.7,1761.41,1280774,734052.0,57.31
2026-06-25,SBILIFE,1767.7,1744.9,1749.16,933399,565486.0,60.58
2026-06-29,SBILIFE,1744.9,1755.4,1752.35,3910884,2887976.0,73.84
2026-06-30,SBILIFE,1755.4,1765.7,1760.82,1456822,951000.0,65.28
2026-07-01,SBILIFE,1765.7,1790.9,1775.97,624234,320275.0,51.31
2026-07-02,SBILIFE,1790.9,1784.4,1780.53,646630,395181.0,61.11
2026-07-03,SBILIFE,1784.4,1788.7,1787.42,631175,368178.0,58.33
2026-07-06,SBILIFE,1788.7,1787.7,1786.44,647063,423332.0,65.42
2026-07-07,SBILIFE,1787.7,1832.3,1830.85,1702487,782379.0,45.96
2026-07-08,SBILIFE,1832.3,1789.0,1817.44,1365022,829270.0,60.75
2026-07-09,SBILIFE,1789.0,1821.7,1815.78,868224,480485.0,55.34
2026-07-10,SBILIFE,1821.7,1862.9,1856.58,828830,524315.0,63.26
2026-07-13,SBILIFE,1862.9,1855.9,1851.8,455392,226577.0,49.75
2026-07-14,SBILIFE,1855.9,1840.3,1839.0,1035413,641268.0,61.93
2026-07-15,SBILIFE,1840.3,1866.4,1865.01,895874,508033.0,56.71
2026-07-16,SBILIFE,1866.4,1822.1,1825.93,898103,467453.0,52.05
2026-07-17,SBILIFE,1822.1,1829.4,1826.3,1025533,636243.0,62.04
2026-07-20,SBILIFE,1829.4,1824.5,1816.33,597865,362149.0,60.57
2026-07-21,SBILIFE,1824.5,1827.9,1826.38,583351,348546.0,59.75
2026-07-22,SBILIFE,1827.9,1806.7,1806.55,484506,298378.0,61.58
2026-07-23,SBILIFE,1806.7,1853.5,1841.33,912075,525215.0,57.58
2026-07-24,SBILIFE,1853.5,1858.6,1858.23,1034104,316706.0,30.63
2026-07-27,SBILIFE,1858.6,1866.8,1857.38,1098594,708888.0,64.53
2026-07-28,SBILIFE,1866.8,1889.1,1881.62,850030,470935.0,55.4
2026-07-29,SBILIFE,1889.1,1894.9,1893.34,1365116,976790.0,71.55
2026-07-30,SBILIFE,1894.9,1877.5,1889.19,1513264,1134972.0,75.0
2026-07-31,SBILIFE,1877.5,1882.0,1882.61,723852,495625.0,68.47
2026-08-03,SBILIFE,1882.0,1915.0,1902.89,885610,596098.0,67.31
2026-04-27,SBIN,1101.1,1111.85,1109.38,11624385,6727510.0,57.87
2026-04-28,SBIN,1111.85,1091.3,1097.54,10727835,4493353.0,41.88
2026-04-29,SBIN,1091.3,1086.9,1095.45,10611104,5916997.0,55.76
2026-04-30,SBIN,1086.9,1068.45,1069.56,14269539,6670067.0,46.74
2026-05-04,SBIN,1068.45,1068.4,1076.63,11693211,6887314.0,58.9
2026-05-05,SBIN,1068.4,1059.9,1060.29,12194631,4566629.0,37.45
2026-05-06,SBIN,1059.9,1096.0,1078.83,14384779,7370433.0,51.24
2026-05-07,SBIN,1096.0,1092.0,1094.08,16105163,7178302.0,44.57
2026-05-08,SBIN,1092.0,1019.3,1037.45,48065909,21794655.0,45.34
2026-05-11,SBIN,1019.3,973.6,980.59,46927396,28316556.0,60.34
2026-05-12,SBIN,973.6,974.6,972.2,25787092,11136191.0,43.19
2026-05-13,SBIN,974.6,970.1,972.53,17584580,6724500.0,38.24
2026-05-14,SBIN,970.1,979.9,977.65,16487142,5898688.0,35.78
2026-05-15,SBIN,979.9,963.2,966.7,26972493,16782316.0,62.22
2026-05-18,SBIN,963.2,939.4,939.86,16554877,9199675.0,55.57
2026-05-19,SBIN,939.4,948.8,947.88,17280869,8694335.0,50.31
2026-05-20,SBIN,948.8,950.9,946.2,11928460,5643465.0,47.31
2026-05-21,SBIN,950.9,950.9,952.38,11756520,4725570.0,40.2
2026-05-22,SBIN,950.9,949.2,952.41,7807192,4300251.0,55.08
2026-05-25,SBIN,949.2,969.6,963.32,10934747,6186621.0,56.58
2026-05-26,SBIN,969.6,968.5,970.57,16269800,8470161.0,52.06
2026-05-27,SBIN,968.5,967.8,969.93,8111259,3174652.0,39.14
2026-05-29,SBIN,967.8,964.4,965.5,22292535,15418901.0,69.17
2026-06-01,SBIN,964.4,954.1,959.25,11118975,5101558.0,45.88
2026-06-02,SBIN,954.1,956.65,951.21,15911760,6762630.0,42.5
2026-06-03,SBIN,956.65,970.45,948.57,27947005,14338937.0,51.31
2026-06-04,SBIN,970.45,979.25,977.95,18875883,9702135.0,51.4
2026-06-05,SBIN,979.25,977.7,981.76,20955539,9146984.0,43.65
2026-06-08,SBIN,977.7,981.95,981.33,12895416,6656604.0,51.62
2026-06-09,SBIN,981.95,1002.7,998.02,22142480,12680438.0,57.27
2026-06-10,SBIN,1002.7,1003.25,1006.59,19122317,13087660.0,68.44
2026-06-11,SBIN,1003.25,1000.7,1003.38,13773978,8102967.0,58.83
2026-06-12,SBIN,1000.7,1017.15,1012.08,11081119,5804492.0,52.38
2026-06-15,SBIN,1017.15,1020.85,1025.74,12463437,7322784.0,58.75
2026-06-16,SBIN,1020.85,1015.3,1014.02,9693677,4962421.0,51.19
2026-06-17,SBIN,1015.3,1026.5,1021.04,8190062,4627035.0,56.5
2026-06-18,SBIN,1026.5,1042.7,1038.39,11048009,4757877.0,43.07
2026-06-19,SBIN,1042.7,1035.1,1034.62,9099878,5638770.0,61.97
2026-06-22,SBIN,1035.1,1040.75,1038.0,6209440,3514102.0,56.59
2026-06-23,SBIN,1040.75,1024.2,1030.97,10411004,4751867.0,45.64
2026-06-24,SBIN,1024.2,1034.6,1035.57,11724076,6130453.0,52.29
2026-06-25,SBIN,1034.6,1045.4,1048.87,16002360,8608658.0,53.8
2026-06-29,SBIN,1045.4,1036.1,1037.33,16818246,11810287.0,70.22
2026-06-30,SBIN,1036.1,1026.9,1034.09,11161643,4018462.0,36.0
2026-07-01,SBIN,1026.9,1047.4,1039.96,6295315,3111030.0,49.42
2026-07-02,SBIN,1047.4,1051.6,1051.29,14682790,8183860.0,55.74
2026-07-03,SBIN,1051.6,1040.0,1042.78,10441493,6053165.0,57.97
2026-07-06,SBIN,1040.0,1037.7,1042.41,8761017,5178312.0,59.11
2026-07-07,SBIN,1037.7,1038.1,1041.85,11053574,6037126.0,54.62
2026-07-08,SBIN,1038.1,1016.9,1026.16,14141694,7873275.0,55.67
2026-07-09,SBIN,1016.9,1022.1,1025.11,7661699,2014082.0,26.29
2026-07-10,SBIN,1022.1,1036.0,1033.75,8792150,4249961.0,48.34
2026-07-13,SBIN,1036.0,1037.0,1036.54,8381510,3572985.0,42.63
2026-07-14,SBIN,1037.0,1015.4,1019.22,11562326,5845603.0,50.56
2026-07-15,SBIN,1015.4,1030.1,1028.13,14275394,7105463.0,49.77
2026-07-16,SBIN,1030.1,1031.2,1030.76,7708316,3457065.0,44.85
2026-07-17,SBIN,1031.2,1044.3,1041.53,8452780,4484419.0,53.05
2026-07-20,SBIN,1044.3,1060.0,1050.85,16540411,8633636.0,52.2
2026-07-21,SBIN,1060.0,1044.4,1052.38,10514887,5576852.0,53.04
2026-07-22,SBIN,1044.4,1025.0,1025.14,11227214,6584040.0,58.64
2026-07-23,SBIN,1025.0,1012.6,1014.42,8910230,4395700.0,49.33
2026-07-24,SBIN,1012.6,1015.0,1009.14,13797053,8399248.0,60.88
2026-07-27,SBIN,1015.0,1020.6,1020.06,6093002,3410763.0,55.98
2026-07-28,SBIN,1020.6,1013.2,1014.13,9873370,4386852.0,44.43
2026-07-29,SBIN,1013.2,1013.7,1014.99,4792964,2593665.0,54.11
2026-07-30,SBIN,1013.7,1025.3,1020.37,6847458,2773301.0,40.5
2026-07-31,SBIN,1025.3,1027.4,1027.66,10921417,6811175.0,62.37
2026-08-03,SBIN,1027.4,1045.0,1041.98,10507450,6160621.0,58.63
2026-08-03,SCHAEFFLER,4079.2,4069.2,4098.41,35057,19580.0,55.85
2026-08-03,SCHNEIDER,1355.3,1346.1,1356.64,198032,97623.0,49.3
2026-08-03,SCI,291.45,292.65,293.15,1989074,980016.0,49.27
2026-08-03,SENCO,403.2,388.1,393.61,1410396,606204.0,42.98
2026-08-03,SFL,783.8,790.75,790.26,92503,60823.0,65.75
2026-08-03,SHAILY,3061.4,3056.0,3070.46,104738,54366.0,51.91
2026-08-03,SHAKTIPUMP,520.4,518.8,522.17,540773,266683.0,49.32
2026-08-03,SHARDACROP,819.75,826.15,834.93,354204,184447.0,52.07
2026-08-03,SHAREINDIA,178.48,180.74,179.43,406589,131604.0,32.37
2026-08-03,SHILPAMED,611.25,623.55,621.81,477775,243753.0,51.02
2026-08-03,SHREECEM,26055.0,27000.0,26724.54,33488,11779.0,35.17
2026-08-03,SHRIPISTON,4395.2,4524.4,4512.1,66253,40428.0,61.02
2026-08-03,SHRIRAMFIN,1046.7,1090.2,1080.37,7047761,3393519.0,48.15
2026-08-03,SHYAMMETL,1031.3,1025.1,1028.24,477723,97167.0,20.34
2026-08-03,SIEMENS,3760.0,3900.0,3866.43,609663,253730.0,41.62
2026-08-03,SIGNATURE,820.45,833.65,829.78,243726,48550.0,19.92
2026-08-03,SJVN,68.62,69.42,69.69,2713188,1438177.0,53.01
2026-08-03,SKFINDIA,1479.6,1506.5,1506.63,49615,36962.0,74.5
2026-08-03,SKFINDUS,2739.9,2697.7,2731.62,24922,14353.0,57.59
2026-08-03,SKIPPER,527.75,549.15,545.07,755981,418031.0,55.3
2026-08-03,SKYGOLD,643.7,691.85,678.26,1001359,418644.0,41.81
2026-08-03,SMARTWORKS,470.5,481.65,477.06,48510,26285.0,54.18
2026-08-03,SMLMAH,5685.6,5464.0,5588.92,257127,87876.0,34.18
2026-08-03,SOBHA,1372.2,1372.3,1376.54,75517,36208.0,47.95
2026-08-03,SOLARINDS,18391.0,18659.0,18529.33,53004,20350.0,38.39
2026-08-03,SONACOMS,769.4,785.0,780.49,2517947,1389368.0,55.18
2026-08-03,SONATSOFTW,322.45,345.85,338.29,6562997,2040245.0,31.09
2026-08-03,SOUTHBANK,46.7,47.07,47.4,8220206,3839174.0,46.7
2026-08-03,SPARC,206.21,207.93,209.8,793057,349013.0,44.01
2026-08-03,SPLPETRO,713.15,715.9,719.23,71200,32245.0,45.29
2026-08-03,SRF,2622.5,2645.0,2644.1,150758,75285.0,49.94
2026-08-03,STAR,1025.0,1028.5,1020.16,472242,199704.0,42.29
2026-08-03,STARCEMENT,202.78,203.96,205.18,168528,101280.0,60.1
2026-08-03,STARHEALTH,601.0,592.6,592.48,586750,320999.0,54.71
2026-08-03,STYL,346.15,368.05,362.26,110667,58114.0,52.51
2026-08-03,STYRENIX,2476.5,2487.3,2515.26,60685,35307.0,58.18
2026-08-03,SUBROS,819.25,817.3,824.81,45959,19699.0,42.86
2026-08-03,SUDARSCHEM,1013.9,1068.3,1073.02,421749,176408.0,41.83
2026-08-03,SUDEEPPHRM,881.05,867.6,884.09,516361,231700.0,44.87
2026-08-03,SUMICHEM,510.3,515.85,511.89,263929,125193.0,47.43
2026-08-03,SUNDARMFIN,4665.6,4828.7,4771.86,309611,106452.0,34.38
2026-04-27,SUNPHARMA,1620.4,1733.5,1726.33,26995361,13589516.0,50.34
2026-04-28,SUNPHARMA,1733.5,1747.3,1743.4,16599167,11893470.0,71.65
2026-04-29,SUNPHARMA,1747.3,1778.7,1760.6,9809449,7401985.0,75.46
2026-04-30,SUNPHARMA,1778.7,1808.3,1794.45,4749798,3233710.0,68.08
2026-05-04,SUNPHARMA,1808.3,1823.5,1822.2,4206373,2653324.0,63.08
2026-05-05,SUNPHARMA,1823.5,1820.8,1815.82,3011421,1760902.0,58.47
2026-05-06,SUNPHARMA,1820.8,1850.2,1844.16,3247156,2055674.0,63.31
2026-05-07,SUNPHARMA,1850.2,1834.4,1836.37,2201070,1150835.0,52.29
2026-05-08,SUNPHARMA,1834.4,1847.9,1846.76,2837885,1893788.0,66.73
2026-05-11,SUNPHARMA,1847.9,1872.7,1871.76,2564978,1459943.0,56.92
2026-05-12,SUNPHARMA,1872.7,1845.7,1862.54,3263351,2057437.0,63.05
2026-05-13,SUNPHARMA,1845.7,1824.8,1833.49,1972365,1127018.0,57.14
2026-05-14,SUNPHARMA,1824.8,1863.2,1855.43,2429220,1607324.0,66.17
2026-05-15,SUNPHARMA,1863.2,1878.2,1878.37,2756465,1751982.0,63.56
2026-05-18,SUNPHARMA,1878.2,1905.8,1894.67,3456331,2207470.0,63.87
2026-05-19,SUNPHARMA,1905.8,1882.3,1893.83,2200951,1226205.0,55.71
2026-05-20,SUNPHARMA,1882.3,1880.3,1881.48,1376695,812639.0,59.03
2026-05-21,SUNPHARMA,1880.3,1891.3,1885.07,1605806,842884.0,52.49
2026-05-22,SUNPHARMA,1891.3,1844.6,1857.96,3610732,1667745.0,46.19
2026-05-25,SUNPHARMA,1844.6,1840.6,1838.34,3049028,1563607.0,51.28
2026-05-26,SUNPHARMA,1840.6,1840.8,1830.64,2337759,1337826.0,57.23
2026-05-27,SUNPHARMA,1840.8,1844.3,1843.53,1385752,569397.0,41.09
2026-05-29,SUNPHARMA,1844.3,1799.2,1804.2,10058572,7566724.0,75.23
2026-06-01,SUNPHARMA,1799.2,1796.5,1798.03,2051152,1213802.0,59.18
2026-06-02,SUNPHARMA,1796.5,1789.9,1783.72,2885899,1872828.0,64.9
2026-06-03,SUNPHARMA,1789.9,1788.5,1775.57,4209769,2957252.0,70.25
2026-06-04,SUNPHARMA,1788.5,1780.1,1779.29,2343536,1540121.0,65.72
2026-06-05,SUNPHARMA,1780.1,1782.2,1789.11,2495159,1597434.0,64.02
2026-06-08,SUNPHARMA,1782.2,1788.8,1793.47,3098542,1979414.0,63.88
2026-06-09,SUNPHARMA,1788.8,1779.0,1780.02,3756570,2746757.0,73.12
2026-06-10,SUNPHARMA,1779.0,1786.4,1786.39,1882009,1274540.0,67.72
2026-06-11,SUNPHARMA,1786.4,1794.2,1794.54,1858093,1124427.0,60.52
2026-06-12,SUNPHARMA,1794.2,1807.7,1806.35,1243362,641851.0,51.62
2026-06-15,SUNPHARMA,1807.7,1806.0,1804.82,2188933,1423851.0,65.05
2026-06-16,SUNPHARMA,1806.0,1800.7,1801.15,1373638,964062.0,70.18
2026-06-17,SUNPHARMA,1800.7,1820.4,1815.31,1771990,1246110.0,70.32
2026-06-18,SUNPHARMA,1820.4,1824.8,1821.22,2054738,1365399.0,66.45
2026-06-19,SUNPHARMA,1824.8,1838.3,1833.29,2126703,1409073.0,66.26
2026-06-22,SUNPHARMA,1838.3,1862.9,1856.2,1588758,1029777.0,64.82
2026-06-23,SUNPHARMA,1862.9,1868.0,1881.58,2812236,1432664.0,50.94
2026-06-24,SUNPHARMA,1868.0,1874.4,1874.16,1406231,995542.0,70.8
2026-06-25,SUNPHARMA,1874.4,1862.8,1869.3,1816438,1073322.0,59.09
2026-06-29,SUNPHARMA,1862.8,1874.8,1881.74,1655869,952081.0,57.5
2026-06-30,SUNPHARMA,1874.8,1862.5,1871.13,2352774,1208961.0,51.38
2026-07-01,SUNPHARMA,1862.5,1866.2,1872.51,1230360,707048.0,57.47
2026-07-02,SUNPHARMA,1866.2,1871.0,1873.68,1485296,940077.0,63.29
2026-07-03,SUNPHARMA,1871.0,1904.8,1907.77,2168491,997767.0,46.01
2026-07-06,SUNPHARMA,1904.8,1912.8,1908.13,1213635,626215.0,51.6
2026-07-07,SUNPHARMA,1912.8,1903.4,1909.78,2060613,1201059.0,58.29
2026-07-08,SUNPHARMA,1903.4,1888.2,1902.21,2785926,1543303.0,55.4
2026-07-09,SUNPHARMA,1888.2,1938.7,1935.29,4446201,2424577.0,54.53
2026-07-10,SUNPHARMA,1938.7,1935.5,1936.98,1478172,879511.0,59.5
2026-07-13,SUNPHARMA,1935.5,1921.4,1921.76,1573176,829706.0,52.74
2026-07-14,SUNPHARMA,1921.4,1942.6,1940.88,2822124,1781814.0,63.14
2026-07-15,SUNPHARMA,1942.6,1951.5,1953.92,2283494,1320859.0,57.84
2026-07-16,SUNPHARMA,1951.5,1950.1,1950.43,1396189,867170.0,62.11
2026-07-17,SUNPHARMA,1950.1,1932.6,1937.15,2475664,1772293.0,71.59
2026-07-20,SUNPHARMA,1932.6,1956.4,1952.17,1676034,1188968.0,70.94
2026-07-21,SUNPHARMA,1956.4,1961.9,1957.9,1412579,836750.0,59.24
2026-07-22,SUNPHARMA,1961.9,1943.0,1940.48,1718430,1116844.0,64.99
2026-07-23,SUNPHARMA,1943.0,1954.0,1944.74,2057288,1273431.0,61.9
2026-07-24,SUNPHARMA,1954.0,1941.1,1945.06,1578929,1109198.0,70.25
2026-07-27,SUNPHARMA,1941.1,1973.7,1958.52,5414380,4497897.0,83.07
2026-07-28,SUNPHARMA,1973.7,1976.7,1981.8,4579529,3452806.0,75.4
2026-07-29,SUNPHARMA,1976.7,1989.9,1978.09,2682295,1696689.0,63.26
2026-07-30,SUNPHARMA,1989.9,2001.1,2007.16,2224264,1337129.0,60.12
2026-07-31,SUNPHARMA,2001.1,1990.5,2003.84,4954449,2586679.0,52.21
2026-08-03,SUNPHARMA,1990.5,1963.5,1955.16,3972351,2629889.0,66.2
2026-08-03,SUNTECK,302.3,308.1,307.57,265799,146282.0,55.03
2026-08-03,SUNTV,508.65,503.8,506.91,283161,150549.0,53.17
2026-08-03,SUPREMEIND,3465.4,3530.0,3506.87,145252,61044.0,42.03
2026-08-03,SUPRIYA,867.0,879.65,887.54,247600,132014.0,53.32
2026-08-03,SURYAROSNI,239.4,237.32,238.22,432577,245888.0,56.84
2026-08-03,SUZLON,48.01,48.1,48.82,55317614,23739468.0,42.91
2026-08-03,SWANCORP,307.8,310.2,310.0,751667,280925.0,37.37
2026-08-03,SWIGGY,284.86,288.0,283.98,20781750,4804334.0,23.12
2026-08-03,SWSOLAR,203.96,208.41,209.13,1303946,575805.0,44.16
2026-08-03,SYNGENE,385.9,402.2,398.85,1674593,857211.0,51.19
2026-08-03,SYRMA,1366.8,1360.6,1370.85,1098353,472183.0,42.99
2026-08-03,TANLA,586.55,614.15,610.14,1281918,478997.0,37.37
2026-08-03,TARC,137.25,135.7,136.47,431816,219784.0,50.9
2026-08-03,TARIL,296.5,295.5,297.74,989409,542072.0,54.79
2026-08-03,TATACAP,365.4,364.75,367.66,1730931,919980.0,53.15
2026-08-03,TATACHEM,673.55,674.65,676.11,369029,194086.0,52.59
2026-08-03,TATACOMM,1756.4,1780.1,1780.4,206782,139621.0,67.52
2026-04-27,TATACONSUM,1174.0,1160.5,1166.73,1019797,553660.0,54.29
2026-04-28,TATACONSUM,1160.5,1147.7,1151.05,1646292,1049150.0,63.73
2026-04-29,TATACONSUM,1147.7,1168.0,1164.52,1346355,821435.0,61.01
2026-04-30,TATACONSUM,1168.0,1144.6,1146.87,1433160,891519.0,62.21
2026-05-04,TATACONSUM,1144.6,1160.4,1163.45,1313831,684654.0,52.11
2026-05-05,TATACONSUM,1160.4,1153.5,1153.78,1065572,610074.0,57.25
2026-05-06,TATACONSUM,1153.5,1152.2,1150.89,1566762,996631.0,63.61
2026-05-07,TATACONSUM,1152.2,1151.7,1148.47,1465163,827395.0,56.47
2026-05-08,TATACONSUM,1151.7,1176.2,1175.59,3672201,1763552.0,48.02
2026-05-11,TATACONSUM,1176.2,1271.0,1242.45,19203071,6556466.0,34.14
2026-05-12,TATACONSUM,1271.0,1253.0,1264.44,3357918,1532566.0,45.64
2026-05-13,TATACONSUM,1253.0,1235.0,1247.92,2412317,1412991.0,58.57
2026-05-14,TATACONSUM,1235.0,1228.3,1233.99,1390903,788473.0,56.69
2026-05-15,TATACONSUM,1228.3,1234.0,1237.92,2755516,1727068.0,62.68
2026-05-18,TATACONSUM,1234.0,1231.0,1225.76,1494098,829816.0,55.54
2026-05-19,TATACONSUM,1231.0,1210.9,1218.93,2163846,1403572.0,64.86
2026-05-20,TATACONSUM,1210.9,1208.7,1207.82,1718132,1134270.0,66.02
2026-05-21,TATACONSUM,1208.7,1194.9,1198.9,1443629,910699.0,63.08
2026-05-22,TATACONSUM,1194.9,1191.8,1195.68,1808205,1224676.0,67.73
2026-05-25,TATACONSUM,1191.8,1187.2,1187.55,1811755,1124121.0,62.05
2026-05-26,TATACONSUM,1187.2,1187.6,1189.08,1766780,981969.0,55.58
2026-05-27,TATACONSUM,1187.6,1204.6,1200.04,1608027,977438.0,60.78
2026-05-29,TATACONSUM,1204.6,1178.4,1182.63,9836874,7236380.0,73.56
2026-06-01,TATACONSUM,1178.4,1143.3,1152.37,2075188,1394820.0,67.21
2026-06-02,TATACONSUM,1143.3,1154.7,1145.89,2873292,1608590.0,55.98
2026-06-03,TATACONSUM,1154.7,1144.0,1149.86,1872463,988676.0,52.8
2026-06-04,TATACONSUM,1144.0,1149.3,1151.89,1711734,910253.0,53.18
2026-06-05,TATACONSUM,1149.3,1130.9,1138.79,998276,465241.0,46.6
2026-06-08,TATACONSUM,1130.9,1107.0,1113.46,762825,419069.0,54.94
2026-06-09,TATACONSUM,1107.0,1106.5,1103.26,757420,328695.0,43.4
2026-06-10,TATACONSUM,1106.5,1108.0,1116.35,2202915,912641.0,41.43
2026-06-11,TATACONSUM,1108.0,1108.6,1110.84,737748,351962.0,47.71
2026-06-12,TATACONSUM,1108.6,1100.7,1102.38,1455068,854953.0,58.76
2026-06-15,TATACONSUM,1100.7,1100.4,1104.01,1264668,714074.0,56.46
2026-06-16,TATACONSUM,1100.4,1130.9,1127.56,2602426,985540.0,37.87
2026-06-17,TATACONSUM,1130.9,1124.5,1125.2,931423,486416.0,52.22
2026-06-18,TATACONSUM,1124.5,1111.4,1114.45,871582,521706.0,59.86
2026-06-19,TATACONSUM,1111.4,1111.5,1111.0,1309050,664482.0,50.76
2026-06-22,TATACONSUM,1111.5,1112.9,1110.82,889468,516200.0,58.03
2026-06-23,TATACONSUM,1112.9,1103.8,1110.75,1416080,918037.0,64.83
2026-06-24,TATACONSUM,1103.8,1098.1,1099.13,1405228,803399.0,57.17
2026-06-25,TATACONSUM,1098.1,1131.3,1121.41,2959240,1663324.0,56.21
2026-06-29,TATACONSUM,1131.3,1112.8,1118.16,1632263,769005.0,47.11
2026-06-30,TATACONSUM,1112.8,1075.6,1078.74,5430865,3261476.0,60.05
2026-07-01,TATACONSUM,1075.6,1090.9,1087.93,2201765,1224894.0,55.63
2026-07-02,TATACONSUM,1090.9,1107.2,1102.72,2315853,1384647.0,59.79
2026-07-03,TATACONSUM,1107.2,1116.7,1109.01,1546610,790694.0,51.12
2026-07-06,TATACONSUM,1116.7,1117.9,1116.65,942307,509491.0,54.07
2026-07-07,TATACONSUM,1117.9,1125.0,1119.28,1423870,893908.0,62.78
2026-07-08,TATACONSUM,1125.0,1089.8,1098.71,1518093,784550.0,51.68
2026-07-09,TATACONSUM,1089.8,1106.7,1107.99,1017956,512107.0,50.31
2026-07-10,TATACONSUM,1106.7,1111.9,1110.6,1189725,771694.0,64.86
2026-07-13,TATACONSUM,1111.9,1098.6,1097.16,1072732,658172.0,61.35
2026-07-14,TATACONSUM,1098.6,1097.6,1097.61,1581478,905967.0,57.29
2026-07-15,TATACONSUM,1097.6,1085.5,1087.6,1154409,659345.0,57.12
2026-07-16,TATACONSUM,1085.5,1088.5,1090.21,1188115,717923.0,60.43
2026-07-17,TATACONSUM,1088.5,1088.6,1084.75,1262534,659280.0,52.22
2026-07-20,TATACONSUM,1088.6,1091.9,1090.69,1003699,548428.0,54.64
2026-07-21,TATACONSUM,1091.9,1081.5,1084.93,1241515,783606.0,63.12
2026-07-22,TATACONSUM,1081.5,1094.9,1088.51,1519534,697600.0,45.91
2026-07-23,TATACONSUM,1094.9,1107.7,1103.63,1965538,1032927.0,52.55
2026-07-24,TATACONSUM,1107.7,1088.0,1099.11,1644917,808865.0,49.17
2026-07-27,TATACONSUM,1088.0,1107.4,1106.74,2360635,1078827.0,45.7
2026-07-28,TATACONSUM,1107.4,1082.1,1089.67,1500024,839139.0,55.94
2026-07-29,TATACONSUM,1082.1,1096.1,1097.81,1130132,587764.0,52.01
2026-07-30,TATACONSUM,1096.1,1094.2,1097.66,1677784,1066500.0,63.57
2026-07-31,TATACONSUM,1094.2,1083.1,1085.18,1479617,918811.0,62.1
2026-08-03,TATACONSUM,1083.1,1110.0,1094.57,1322017,908775.0,68.74
2026-08-03,TATAELXSI,3672.9,3761.9,3740.47,322468,142262.0,44.12
2026-08-03,TATAINVEST,679.45,676.65,679.06,133851,63546.0,47.48
2026-08-03,TATAPOWER,380.7,382.0,381.36,2051770,1012779.0,49.36
2026-04-27,TATASTEEL,210.07,213.27,213.72,33068230,17433717.0,52.72
2026-04-28,TATASTEEL,213.27,215.05,215.98,34950491,15650745.0,44.78
2026-04-29,TATASTEEL,215.05,215.88,215.21,32800573,12615021.0,38.46
2026-04-30,TATASTEEL,215.88,211.36,211.47,24894783,12231382.0,49.13
2026-05-04,TATASTEEL,211.36,212.24,212.97,23140911,11361790.0,49.1
2026-05-05,TATASTEEL,212.24,211.32,211.13,20733709,7045916.0,33.98
2026-05-06,TATASTEEL,211.32,215.47,214.53,24082651,12416665.0,51.56
2026-05-07,TATASTEEL,215.47,217.09,217.39,21243369,7796818.0,36.7
2026-05-08,TATASTEEL,217.09,214.49,215.54,17760366,8088633.0,45.54
2026-05-11,TATASTEEL,214.49,212.08,213.19,16301350,7930304.0,48.65
2026-05-12,TATASTEEL,212.08,212.0,213.21,28371348,12710847.0,44.8
2026-05-13,TATASTEEL,212.0,219.62,217.86,46231533,18713644.0,40.48
2026-05-14,TATASTEEL,219.62,221.13,221.39,34985006,13138217.0,37.55
2026-05-15,TATASTEEL,221.13,216.84,219.34,33231023,11905289.0,35.83
2026-05-18,TATASTEEL,216.84,209.71,208.92,73796001,26814406.0,36.34
2026-05-19,TATASTEEL,209.71,209.29,210.53,32573663,14034985.0,43.09
2026-05-20,TATASTEEL,209.29,207.01,204.85,56670462,28838079.0,50.89
2026-05-21,TATASTEEL,207.01,208.58,208.8,24385712,11763366.0,48.24
2026-05-22,TATASTEEL,208.58,209.19,209.23,22023114,9138459.0,41.49
2026-05-25,TATASTEEL,209.19,210.22,210.15,23090495,11729868.0,50.8
2026-05-26,TATASTEEL,210.22,210.47,210.21,17801824,7432916.0,41.75
2026-05-27,TATASTEEL,210.47,214.7,215.25,39110042,17265097.0,44.14
2026-05-29,TATASTEEL,214.7,208.02,209.5,67467374,45721245.0,67.77
2026-06-01,TATASTEEL,208.02,210.57,209.25,23733470,10531707.0,44.37
2026-06-02,TATASTEEL,210.57,210.6,210.98,29358964,14384202.0,48.99
2026-06-03,TATASTEEL,210.6,211.89,210.21,23198930,10482481.0,45.19
2026-06-04,TATASTEEL,211.89,210.57,210.74,18939468,8544251.0,45.11
2026-06-05,TATASTEEL,210.57,206.77,206.44,35802398,15869359.0,44.32
2026-06-08,TATASTEEL,206.77,202.72,203.62,31036948,15390076.0,49.59
2026-06-09,TATASTEEL,202.72,203.18,202.03,42111455,23703482.0,56.29
2026-06-10,TATASTEEL,203.18,199.31,200.51,34008938,17975410.0,52.85
2026-06-11,TATASTEEL,199.31,197.96,198.05,38292223,24139290.0,63.04
2026-06-12,TATASTEEL,197.96,197.86,197.15,27622963,12719970.0,46.05
2026-06-15,TATASTEEL,197.86,197.28,198.8,27071539,14984837.0,55.35
2026-06-16,TATASTEEL,197.28,196.0,195.25,29255187,14890613.0,50.9
2026-06-17,TATASTEEL,196.0,199.01,198.03,22491220,11788719.0,52.41
2026-06-18,TATASTEEL,199.01,200.52,199.63,22111931,12322737.0,55.73
2026-06-19,TATASTEEL,200.52,198.96,198.44,31571461,20178132.0,63.91
2026-06-22,TATASTEEL,198.96,198.97,199.38,19238506,12788709.0,66.47
2026-06-23,TATASTEEL,198.97,193.56,194.44,34634510,20734202.0,59.87
2026-06-24,TATASTEEL,193.56,190.16,190.88,51305789,31604732.0,61.6
2026-06-25,TATASTEEL,190.16,188.71,188.74,34151735,18800477.0,55.05
2026-06-29,TATASTEEL,188.71,189.57,189.78,62549132,46178174.0,73.83
2026-06-30,TATASTEEL,189.57,188.06,188.27,33686235,18920528.0,56.17
2026-07-01,TATASTEEL,188.06,185.17,186.79,20614036,10564543.0,51.25
2026-07-02,TATASTEEL,185.17,187.67,186.9,29139217,16889685.0,57.96
2026-07-03,TATASTEEL,187.67,189.8,191.13,28474469,12996171.0,45.64
2026-07-06,TATASTEEL,189.8,190.87,190.81,14466645,7861511.0,54.34
2026-07-07,TATASTEEL,190.87,189.79,189.86,22805982,13699752.0,60.07
2026-07-08,TATASTEEL,189.79,188.2,188.37,17816943,8751594.0,49.12
2026-07-09,TATASTEEL,188.2,187.91,187.83,21203724,8930021.0,42.12
2026-07-10,TATASTEEL,187.91,191.19,191.15,23145573,12027274.0,51.96
2026-07-13,TATASTEEL,191.19,187.11,186.91,47597415,27747352.0,58.3
2026-07-14,TATASTEEL,187.11,188.27,188.65,24096425,10151966.0,42.13
2026-07-15,TATASTEEL,188.27,185.26,186.86,24924570,12702308.0,50.96
2026-07-16,TATASTEEL,185.26,185.49,185.66,13166990,6596547.0,50.1
2026-07-17,TATASTEEL,185.49,185.89,185.24,20132684,11331120.0,56.28
2026-07-20,TATASTEEL,185.89,186.41,186.46,11188887,5605031.0,50.09
2026-07-21,TATASTEEL,186.41,187.24,186.44,21618426,10806205.0,49.99
2026-07-22,TATASTEEL,187.24,186.53,186.15,16643117,8564207.0,51.46
2026-07-23,TATASTEEL,186.53,184.23,184.66,20581098,10274119.0,49.92
2026-07-24,TATASTEEL,184.23,182.67,182.58,16117953,9193275.0,57.04
2026-07-27,TATASTEEL,182.67,184.25,184.2,11857396,6546403.0,55.21
2026-07-28,TATASTEEL,184.25,182.63,183.16,19135253,9871660.0,51.59
2026-07-29,TATASTEEL,182.63,187.27,186.93,24872418,11932985.0,47.98
2026-07-30,TATASTEEL,187.27,186.92,187.14,13769746,4874354.0,35.4
2026-07-31,TATASTEEL,186.92,189.69,189.27,34249584,17080860.0,49.87
2026-08-03,TATASTEEL,189.69,191.0,190.39,27563681,14497294.0,52.6
2026-08-03,TATATECH,747.65,763.8,761.67,814680,351454.0,43.14
2026-08-03,TBOTEK,1531.2,1615.9,1629.87,1205579,250368.0,20.77
2026-04-27,TCS,2396.9,2447.6,2439.56,5853425,4094096.0,69.94
2026-04-28,TCS,2447.6,2444.7,2452.87,4508363,2766449.0,61.36
2026-04-29,TCS,2444.7,2474.7,2473.75,2835961,1545412.0,54.49
2026-04-30,TCS,2474.7,2473.9,2470.47,3970446,1866712.0,47.02
2026-05-04,TCS,2473.9,2431.3,2444.12,2632358,1361452.0,51.72
2026-05-05,TCS,2431.3,2427.3,2432.41,3385720,1321644.0,39.04
2026-05-06,TCS,2427.3,2435.4,2433.81,3147628,1632690.0,51.87
2026-05-07,TCS,2435.4,2401.4,2408.44,5829594,3669201.0,62.94
2026-05-08,TCS,2401.4,2394.4,2387.75,3792199,2153814.0,56.8
2026-05-11,TCS,2394.4,2392.9,2397.63,1975188,938571.0,47.52
2026-05-12,TCS,2392.9,2300.3,2302.3,6347884,3108189.0,48.96
2026-05-13,TCS,2300.3,2272.8,2285.14,3171843,1557378.0,49.1
2026-05-14,TCS,2272.8,2246.0,2236.83,5633313,2256075.0,40.05
2026-05-15,TCS,2246.0,2264.0,2280.06,3410637,1487406.0,43.61
2026-05-18,TCS,2264.0,2283.2,2277.12,3773336,1929481.0,51.13
2026-05-19,TCS,2283.2,2327.1,2347.34,10394707,5521832.0,53.12
2026-05-20,TCS,2327.1,2327.4,2332.61,2537422,1419151.0,55.93
2026-05-21,TCS,2327.4,2327.2,2324.25,3299087,1524694.0,46.22
2026-05-22,TCS,2327.2,2317.3,2323.55,2617262,1441496.0,55.08
2026-05-25,TCS,2317.3,2308.2,2310.3,3298364,2096906.0,63.57
2026-05-26,TCS,2308.2,2276.2,2289.98,3587597,1810291.0,50.46
2026-05-27,TCS,2276.2,2284.2,2276.47,2653950,1289140.0,48.57
2026-05-29,TCS,2284.2,2258.9,2271.96,16331582,11346245.0,69.47
2026-06-01,TCS,2258.9,2297.4,2300.81,7505095,4805276.0,64.03
2026-06-02,TCS,2297.4,2446.9,2419.08,11306127,5881072.0,52.02
2026-06-03,TCS,2446.9,2241.7,2267.78,15660062,6971192.0,44.52
2026-06-04,TCS,2241.7,2241.0,2236.45,4867263,2046859.0,42.05
2026-06-05,TCS,2241.0,2198.9,2219.87,5019717,2337405.0,46.56
2026-06-08,TCS,2198.9,2151.4,2158.3,6536734,3583697.0,54.82
2026-06-09,TCS,2151.4,2151.0,2148.74,4148655,1893020.0,45.63
2026-06-10,TCS,2151.0,2153.9,2162.42,2848650,1374325.0,48.24
2026-06-11,TCS,2153.9,2135.6,2132.03,3079815,956732.0,31.06
2026-06-12,TCS,2135.6,2161.4,2153.15,2124656,910656.0,42.86
2026-06-15,TCS,2161.4,2162.0,2170.27,3337083,2004587.0,60.07
2026-06-16,TCS,2162.0,2199.0,2189.97,3079898,1314406.0,42.68
2026-06-17,TCS,2199.0,2223.0,2220.4,2865010,1538998.0,53.72
2026-06-18,TCS,2223.0,2203.3,2197.22,3735188,1951368.0,52.24
2026-06-19,TCS,2203.3,2125.0,2089.19,13286502,6880131.0,51.78
2026-06-22,TCS,2125.0,2127.8,2135.79,4566101,2499593.0,54.74
2026-06-23,TCS,2127.8,2059.6,2073.42,6392736,3473372.0,54.33
2026-06-24,TCS,2059.6,2109.0,2093.61,4747277,1909118.0,40.22
2026-06-25,TCS,2109.0,2094.7,2117.73,4738903,1948725.0,41.12
2026-06-29,TCS,2094.7,2097.9,2089.53,3412470,1862431.0,54.58
2026-06-30,TCS,2097.9,2031.5,2042.05,6848411,3789332.0,55.33
2026-07-01,TCS,2031.5,1982.6,2006.75,4658295,2417701.0,51.9
2026-07-02,TCS,1982.6,2068.1,2051.09,6040621,2843436.0,47.07
2026-07-03,TCS,2068.1,2093.5,2099.43,4028819,1961594.0,48.69
2026-07-06,TCS,2093.5,2057.6,2061.87,2567386,1367880.0,53.28
2026-07-07,TCS,2057.6,2096.1,2098.44,4769048,1865363.0,39.11
2026-07-08,TCS,2096.1,2057.5,2077.56,3666985,1788382.0,48.77
2026-07-09,TCS,2057.5,2049.5,2043.56,3791498,1182477.0,31.19
2026-07-10,TCS,2049.5,2069.0,2088.11,6714551,2034876.0,30.31
2026-07-13,TCS,2069.0,2181.5,2162.9,12382622,4621574.0,37.32
2026-07-14,TCS,2181.5,2200.6,2200.4,9546290,4496777.0,47.1
2026-07-15,TCS,2200.6,2189.2,2184.51,5426489,2548846.0,46.97
2026-07-16,TCS,2189.2,2201.0,2212.76,5197595,2135731.0,41.09
2026-07-17,TCS,2201.0,2269.0,2255.69,5615138,2288516.0,40.76
2026-07-20,TCS,2269.0,2251.1,2257.07,2202693,920572.0,41.79
2026-07-21,TCS,2251.1,2221.1,2229.94,2382160,1155975.0,48.53
2026-07-22,TCS,2221.1,2208.3,2211.61,1599665,637466.0,39.85
2026-07-23,TCS,2208.3,2242.9,2230.95,2503539,1004806.0,40.14
2026-07-24,TCS,2242.9,2254.3,2246.06,3211699,1276390.0,39.74
2026-07-27,TCS,2254.3,2295.6,2299.88,4007292,1895782.0,47.31
2026-07-28,TCS,2295.6,2398.0,2389.74,8248513,4139318.0,50.18
2026-07-29,TCS,2398.0,2446.6,2450.86,7169419,3951178.0,55.11
2026-07-30,TCS,2446.6,2431.8,2459.56,4901582,2449068.0,49.96
2026-07-31,TCS,2431.8,2365.6,2364.25,4343683,2379042.0,54.77
2026-08-03,TCS,2365.6,2473.7,2429.42,3036839,1495100.0,49.23
2026-08-03,TDPOWERSYS,1131.0,1112.4,1124.44,711212,331538.0,46.62
2026-04-27,TECHM,1358.5,1396.1,1388.13,1834277,893678.0,48.72
2026-04-28,TECHM,1396.1,1408.1,1403.59,2009200,1214288.0,60.44
2026-04-29,TECHM,1408.1,1459.8,1454.6,3334783,1798862.0,53.94
2026-04-30,TECHM,1459.8,1473.5,1468.44,2635309,1161767.0,44.08
2026-05-04,TECHM,1473.5,1471.6,1469.39,1483759,736597.0,49.64
2026-05-05,TECHM,1471.6,1452.2,1457.23,711081,247235.0,34.77
2026-05-06,TECHM,1452.2,1466.7,1467.45,877900,389174.0,44.33
2026-05-07,TECHM,1466.7,1448.2,1453.27,1147147,625013.0,54.48
2026-05-08,TECHM,1448.2,1463.0,1463.73,1360644,681153.0,50.06
2026-05-11,TECHM,1463.0,1457.4,1463.06,1348443,742222.0,55.04
2026-05-12,TECHM,1457.4,1392.9,1403.24,1474910,626350.0,42.47
2026-05-13,TECHM,1392.9,1375.0,1380.92,2142904,1194198.0,55.73
2026-05-14,TECHM,1375.0,1343.4,1344.78,2337353,1150668.0,49.23
2026-05-15,TECHM,1343.4,1370.5,1372.51,5306932,3268149.0,61.58
2026-05-18,TECHM,1370.5,1430.0,1397.93,6204623,3634930.0,58.58
2026-05-19,TECHM,1430.0,1467.1,1483.54,6697277,3547166.0,52.96
2026-05-20,TECHM,1467.1,1439.0,1455.59,2216454,1012534.0,45.68
2026-05-21,TECHM,1439.0,1420.0,1427.76,999422,419899.0,42.01
2026-05-22,TECHM,1420.0,1422.2,1419.23,654078,243815.0,37.28
2026-05-25,TECHM,1422.2,1435.5,1435.74,887430,281336.0,31.7
2026-05-26,TECHM,1435.5,1458.7,1451.45,1725570,978294.0,56.69
2026-05-27,TECHM,1458.7,1455.6,1465.13,1825192,1047301.0,57.38
2026-05-29,TECHM,1455.6,1483.9,1483.71,3955137,2392589.0,60.49
2026-06-01,TECHM,1483.9,1543.2,1544.34,5243443,2006035.0,38.26
2026-06-02,TECHM,1543.2,1571.4,1573.75,4169279,1422246.0,34.11
2026-06-03,TECHM,1571.4,1472.3,1493.06,3493572,1506444.0,43.12
2026-06-04,TECHM,1472.3,1487.3,1485.55,2061503,1020553.0,49.51
2026-06-05,TECHM,1487.3,1483.5,1489.08,2201977,806588.0,36.63
2026-06-08,TECHM,1483.5,1503.4,1496.82,2467960,1034239.0,41.91
2026-06-09,TECHM,1503.4,1483.8,1484.45,1330108,625220.0,47.01
2026-06-10,TECHM,1483.8,1478.9,1482.8,1082678,576528.0,53.25
2026-06-11,TECHM,1478.9,1465.1,1461.68,2088978,869892.0,41.64
2026-06-12,TECHM,1465.1,1429.2,1436.41,2460369,1200503.0,48.79
2026-06-15,TECHM,1429.2,1425.6,1431.96,1926338,950056.0,49.32
2026-06-16,TECHM,1425.6,1446.8,1439.49,1987359,926951.0,46.64
2026-06-17,TECHM,1446.8,1462.4,1466.2,2126833,882002.0,41.47
2026-06-18,TECHM,1462.4,1447.7,1445.09,2273483,1042546.0,45.86
2026-06-19,TECHM,1447.7,1409.6,1383.83,5864187,2416073.0,41.2
2026-06-22,TECHM,1409.6,1435.2,1431.98,2165308,924269.0,42.69
2026-06-23,TECHM,1435.2,1415.6,1413.17,2402816,1263356.0,52.58
2026-06-24,TECHM,1415.6,1461.6,1454.87,3451553,1229406.0,35.62
2026-06-25,TECHM,1461.6,1437.1,1445.48,2553830,1582478.0,61.96
2026-06-29,TECHM,1437.1,1433.8,1439.01,2466821,1592669.0,64.56
2026-06-30,TECHM,1433.8,1404.7,1411.19,2421536,1143581.0,47.23
2026-07-01,TECHM,1404.7,1362.2,1365.96,3793024,2303447.0,60.73
2026-07-02,TECHM,1362.2,1421.3,1408.21,3034626,1168289.0,38.5
2026-07-03,TECHM,1421.3,1410.1,1423.9,2849871,906539.0,31.81
2026-07-06,TECHM,1410.1,1406.5,1402.14,1158020,474113.0,40.94
2026-07-07,TECHM,1406.5,1447.5,1446.47,4066916,1766414.0,43.43
2026-07-08,TECHM,1447.5,1428.8,1438.05,1489170,638526.0,42.88
2026-07-09,TECHM,1428.8,1426.3,1424.9,1379708,673450.0,48.81
2026-07-10,TECHM,1426.3,1454.8,1456.1,1732609,834476.0,48.16
2026-07-13,TECHM,1454.8,1504.5,1496.82,2285072,755710.0,33.07
2026-07-14,TECHM,1504.5,1484.3,1499.41,2011058,1034057.0,51.42
2026-07-15,TECHM,1484.3,1498.7,1488.68,1834279,771776.0,42.08
2026-07-16,TECHM,1498.7,1510.3,1521.03,2903245,1201644.0,41.39
2026-07-17,TECHM,1510.3,1572.9,1554.22,10632264,3302827.0,31.06
2026-07-20,TECHM,1572.9,1576.4,1586.36,2324331,887631.0,38.19
2026-07-21,TECHM,1576.4,1576.3,1590.99,2624717,1119442.0,42.65
2026-07-22,TECHM,1576.3,1560.6,1561.23,975901,451913.0,46.31
2026-07-23,TECHM,1560.6,1555.8,1555.14,2424854,1525458.0,62.91
2026-07-24,TECHM,1555.8,1559.5,1554.54,1231512,396726.0,32.21
2026-07-27,TECHM,1559.5,1575.0,1584.4,1513324,696816.0,46.05
2026-07-28,TECHM,1575.0,1635.2,1627.99,5082959,2729682.0,53.7
2026-07-29,TECHM,1635.2,1644.2,1652.75,2189575,1005136.0,45.91
2026-07-30,TECHM,1644.2,1669.0,1674.08,4167643,2511975.0,60.27
2026-07-31,TECHM,1669.0,1651.3,1649.14,3355677,1860159.0,55.43
2026-08-03,TECHM,1651.3,1649.0,1645.49,4154154,3115810.0,75.0
2026-08-03,TECHNOE,980.3,999.4,999.71,145672,78826.0,54.11
2026-08-03,TEGA,1485.5,1587.7,1565.13,631620,203549.0,32.23
2026-08-03,TEJASNET,513.0,519.6,521.75,835876,233993.0,27.99
2026-08-03,TENNIND,537.95,544.6,546.93,1154720,810272.0,70.17
2026-08-03,TEXRAIL,111.39,112.91,113.17,1465480,706516.0,48.21
2026-08-03,THANGAMAYL,5226.5,4965.5,5016.57,358583,152185.0,42.44
2026-08-03,THELEELA,494.6,501.8,508.56,2192952,1071189.0,48.85
2026-08-03,THERMAX,4306.0,4122.2,4140.82,707697,307620.0,43.47
2026-08-03,THOMASCOOK,104.27,107.15,108.2,2230082,877391.0,39.34
2026-08-03,THYROCARE,579.0,592.55,597.15,642124,357883.0,55.73
2026-08-03,TI,465.15,465.8,472.66,1070931,573206.0,53.52
2026-08-03,TIINDIA,2753.0,2766.0,2762.22,227956,106838.0,46.87
2026-08-03,TIMETECHNO,208.56,210.15,209.82,3019188,806338.0,26.71
2026-08-03,TIMKEN,3145.4,3216.1,3192.71,40209,23709.0,58.96
2026-08-03,TIPSMUSIC,668.05,688.55,686.13,276541,106890.0,38.65
2026-08-03,TITAGARH,825.2,859.05,855.32,929203,244406.0,26.3
2026-04-27,TITAN,4410.0,4441.8,4432.22,649222,345278.0,53.18
2026-04-28,TITAN,4441.8,4417.0,4439.92,620778,361438.0,58.22
2026-04-29,TITAN,4417.0,4439.8,4441.25,702730,383564.0,54.58
2026-04-30,TITAN,4439.8,4385.2,4384.52,869299,553559.0,63.68
2026-05-04,TITAN,4385.2,4363.0,4385.72,709160,407292.0,57.43
2026-05-05,TITAN,4363.0,4373.6,4368.83,850790,443921.0,52.18
2026-05-06,TITAN,4373.6,4359.6,4339.07,1459870,830046.0,56.86
2026-05-07,TITAN,4359.6,4307.5,4298.99,1377631,765548.0,55.57
2026-05-08,TITAN,4307.5,4509.0,4479.27,4777990,1388565.0,29.06
2026-05-11,TITAN,4509.0,4205.6,4223.58,5925166,2737801.0,46.21
2026-05-12,TITAN,4205.6,4055.3,4117.73,1978748,824169.0,41.65
2026-05-13,TITAN,4055.3,4090.7,4051.64,2841521,1097929.0,38.64
2026-05-14,TITAN,4090.7,4135.2,4106.49,1127140,493450.0,43.78
2026-05-15,TITAN,4135.2,4169.1,4169.94,901617,336932.0,37.37
2026-05-18,TITAN,4169.1,4169.7,4123.14,851825,383708.0,45.05
2026-05-19,TITAN,4169.7,4102.0,4125.63,711398,363210.0,51.06
2026-05-20,TITAN,4102.0,4106.4,4088.52,913576,528414.0,57.84
2026-05-21,TITAN,4106.4,4083.1,4087.96,863060,377501.0,43.74
2026-05-22,TITAN,4083.1,4079.8,4086.63,768112,443806.0,57.78
2026-05-25,TITAN,4079.8,4159.2,4149.08,606086,274346.0,45.27
2026-05-26,TITAN,4159.2,4105.9,4115.92,766717,468833.0,61.15
2026-05-27,TITAN,4105.9,4137.9,4125.03,474044,260213.0,54.89
2026-05-29,TITAN,4137.9,4074.9,4085.89,2001419,1414948.0,70.7
2026-06-01,TITAN,4074.9,4024.6,4033.82,450200,233572.0,51.88
2026-06-02,TITAN,4024.6,4078.1,4047.86,522015,246030.0,47.13
2026-06-03,TITAN,4078.1,4088.8,4050.54,959352,511380.0,53.3
2026-06-04,TITAN,4088.8,4231.0,4185.22,1761933,837512.0,47.53
2026-06-05,TITAN,4231.0,4260.2,4252.08,1390200,830343.0,59.73
2026-06-08,TITAN,4260.2,4192.4,4206.01,666737,379311.0,56.89
2026-06-09,TITAN,4192.4,4104.9,4125.34,1284964,690856.0,53.76
2026-06-10,TITAN,4104.9,4042.1,4076.92,613629,281771.0,45.92
2026-06-11,TITAN,4042.1,4025.2,4034.89,767665,363393.0,47.34
2026-06-12,TITAN,4025.2,4184.0,4127.82,1122271,558457.0,49.76
2026-06-15,TITAN,4184.0,4283.5,4268.03,1076822,468391.0,43.5
2026-06-16,TITAN,4283.5,4338.0,4324.92,779706,358514.0,45.98
2026-06-17,TITAN,4338.0,4380.5,4367.51,623868,329010.0,52.74
2026-06-18,TITAN,4380.5,4387.9,4368.07,562833,278523.0,49.49
2026-06-19,TITAN,4387.9,4419.9,4408.16,941346,508914.0,54.06
2026-06-22,TITAN,4419.9,4372.5,4378.52,390835,211203.0,54.04
2026-06-23,TITAN,4372.5,4305.3,4343.37,586588,270292.0,46.08
2026-06-24,TITAN,4305.3,4323.8,4303.07,652078,362417.0,55.58
2026-06-25,TITAN,4323.8,4291.3,4273.38,754050,372134.0,49.35
2026-06-29,TITAN,4291.3,4277.2,4285.04,569087,368429.0,64.74
2026-06-30,TITAN,4277.2,4404.0,4382.49,1243464,588401.0,47.32
2026-07-01,TITAN,4404.0,4398.6,4447.16,1168751,502153.0,42.96
2026-07-02,TITAN,4398.6,4481.1,4443.82,820705,454154.0,55.34
2026-07-03,TITAN,4481.1,4461.1,4475.39,542120,322556.0,59.5
2026-07-06,TITAN,4461.1,4484.4,4478.77,589165,377956.0,64.15
2026-07-07,TITAN,4484.4,4604.2,4595.75,3385946,1513989.0,44.71
2026-07-08,TITAN,4604.2,4586.4,4588.32,1045703,614626.0,58.78
2026-07-09,TITAN,4586.4,4555.8,4606.28,1777107,1043985.0,58.75
2026-07-10,TITAN,4555.8,4584.4,4583.74,652646,424827.0,65.09
2026-07-13,TITAN,4584.4,4601.5,4591.89,770367,457610.0,59.4
2026-07-14,TITAN,4601.5,4573.7,4576.88,631158,413121.0,65.45
2026-07-15,TITAN,4573.7,4579.4,4589.08,619451,409198.0,66.06
2026-07-16,TITAN,4579.4,4625.8,4631.82,1136159,742909.0,65.39
2026-07-17,TITAN,4625.8,4638.1,4631.87,667212,375622.0,56.3
2026-07-20,TITAN,4638.1,4643.4,4644.64,274158,169726.0,61.91
2026-07-21,TITAN,4643.4,4688.7,4667.87,530094,246759.0,46.55
2026-07-22,TITAN,4688.7,4711.6,4712.38,996475,605925.0,60.81
2026-07-23,TITAN,4711.6,4697.3,4690.99,421185,241970.0,57.45
2026-07-24,TITAN,4697.3,4677.0,4670.76,513858,308431.0,60.02
2026-07-27,TITAN,4677.0,4740.1,4715.75,500721,317727.0,63.45
2026-07-28,TITAN,4740.1,4849.7,4810.96,1321587,727335.0,55.03
2026-07-29,TITAN,4849.7,4850.2,4839.73,837059,567039.0,67.74
2026-07-30,TITAN,4850.2,4850.0,4846.53,777361,534629.0,68.77
2026-07-31,TITAN,4850.0,4875.2,4870.13,1003314,778182.0,77.56
2026-08-03,TITAN,4875.2,5000.0,4897.44,505420,321717.0,63.65
2026-08-03,TMB,851.7,861.55,867.85,226900,106206.0,46.81
2026-08-03,TMCV,436.8,452.5,449.58,17112543,9302583.0,54.36
2026-08-03,TMPV,339.75,349.3,347.67,12027810,5222768.0,43.42
2026-08-03,TORNTPHARM,5122.8,5050.0,5076.51,841750,500847.0,59.5
2026-08-03,TORNTPOWER,1413.3,1391.7,1397.98,337462,224101.0,66.41
2026-08-03,TRANSRAILL,502.95,500.25,503.11,302458,140228.0,46.36
2026-08-03,TRAVELFOOD,1302.9,1344.6,1332.9,37161,22523.0,60.61
2026-08-03,TRENT,3005.9,3050.0,3022.91,883208,478422.0,54.17
2026-08-03,TRIDENT,24.71,24.94,25.03,2924262,1437680.0,49.16
2026-08-03,TRITURBINE,601.7,611.6,610.46,403135,196538.0,48.75
2026-08-03,TSFINV,452.5,454.3,456.5,38493,21248.0,55.2
2026-08-03,TTML,39.95,40.21,40.36,1280580,586725.0,45.82
2026-08-03,TVSMOTOR,4313.1,4389.0,4330.79,1612965,906635.0,56.21
2026-08-03,TVSSCS,135.11,136.9,137.77,296279,163873.0,55.31
2026-08-03,UBL,1418.8,1438.4,1444.28,154717,78440.0,50.7
2026-08-03,UCOBANK,26.17,26.31,26.42,3408343,1576947.0,46.27
2026-08-03,UJJIVANSFB,71.75,71.14,72.19,13435710,7203524.0,53.61
2026-04-27,ULTRACEMCO,11998.0,12010.0,12079.32,567601,160580.0,28.29
2026-04-28,ULTRACEMCO,12010.0,11817.0,11885.94,509322,225561.0,44.29
2026-04-29,ULTRACEMCO,11817.0,11833.0,11939.9,361932,229988.0,63.54
2026-04-30,ULTRACEMCO,11833.0,11586.0,11561.75,719688,451794.0,62.78
2026-05-04,ULTRACEMCO,11586.0,11758.0,11704.48,461238,245355.0,53.19
2026-05-05,ULTRACEMCO,11758.0,11963.0,11859.9,350047,184955.0,52.84
2026-05-06,ULTRACEMCO,11963.0,12093.0,12032.72,355092,194023.0,54.64
2026-05-07,ULTRACEMCO,12093.0,12146.0,12179.81,227651,103403.0,45.42
2026-05-08,ULTRACEMCO,12146.0,11950.0,11952.48,258727,142437.0,55.05
2026-05-11,ULTRACEMCO,11950.0,11866.0,11863.85,198930,114250.0,57.43
2026-05-12,ULTRACEMCO,11866.0,11516.0,11660.82,343980,228284.0,66.37
2026-05-13,ULTRACEMCO,11516.0,11573.0,11523.91,453482,278408.0,61.39
2026-05-14,ULTRACEMCO,11573.0,11692.0,11674.06,220410,124060.0,56.29
2026-05-15,ULTRACEMCO,11692.0,11487.0,11586.12,284388,172079.0,60.51
2026-05-18,ULTRACEMCO,11487.0,11561.0,11455.14,233668,123203.0,52.73
2026-05-19,ULTRACEMCO,11561.0,11368.0,11394.76,347784,226148.0,65.03
2026-05-20,ULTRACEMCO,11368.0,11409.0,11338.19,168245,98949.0,58.81
2026-05-21,ULTRACEMCO,11409.0,11474.0,11463.1,244967,152713.0,62.34
2026-05-22,ULTRACEMCO,11474.0,11569.0,11590.59,340427,211508.0,62.13
2026-05-25,ULTRACEMCO,11569.0,11726.0,11694.98,229618,122513.0,53.36
2026-05-26,ULTRACEMCO,11726.0,11623.0,11663.35,210716,114760.0,54.46
2026-05-27,ULTRACEMCO,11623.0,11689.0,11682.28,243628,136963.0,56.22
2026-05-29,ULTRACEMCO,11689.0,11482.0,11509.75,1776975,1304073.0,73.39
2026-06-01,ULTRACEMCO,11482.0,11232.0,11294.51,497866,243511.0,48.91
2026-06-02,ULTRACEMCO,11232.0,11165.0,11146.34,413041,292079.0,70.71
2026-06-03,ULTRACEMCO,11165.0,11101.0,11092.17,412934,267893.0,64.88
2026-06-04,ULTRACEMCO,11101.0,10997.0,11017.32,541327,393355.0,72.66
2026-06-05,ULTRACEMCO,10997.0,10912.0,10945.14,424664,305493.0,71.94
2026-06-08,ULTRACEMCO,10912.0,10795.0,10825.13,285585,174133.0,60.97
2026-06-09,ULTRACEMCO,10795.0,10911.0,10889.37,257371,171527.0,66.65
2026-06-10,ULTRACEMCO,10911.0,10866.0,10892.52,470400,289819.0,61.61
2026-06-11,ULTRACEMCO,10866.0,10830.0,10852.42,236130,120837.0,51.17
2026-06-12,ULTRACEMCO,10830.0,11117.0,11002.01,192524,97153.0,50.46
2026-06-15,ULTRACEMCO,11117.0,11466.0,11477.88,404414,242959.0,60.08
2026-06-16,ULTRACEMCO,11466.0,11391.0,11404.97,234423,142881.0,60.95
2026-06-17,ULTRACEMCO,11391.0,11373.0,11374.94,177587,108569.0,61.14
2026-06-18,ULTRACEMCO,11373.0,11430.0,11370.11,321556,195678.0,60.85
2026-06-19,ULTRACEMCO,11430.0,11367.0,11369.93,403613,278799.0,69.08
2026-06-22,ULTRACEMCO,11367.0,11402.0,11373.88,226862,159427.0,70.27
2026-06-23,ULTRACEMCO,11402.0,11307.0,11318.78,324599,219956.0,67.76
2026-06-24,ULTRACEMCO,11307.0,11430.0,11409.95,233046,139489.0,59.85
2026-06-25,ULTRACEMCO,11430.0,11489.0,11543.76,402451,237101.0,58.91
2026-06-29,ULTRACEMCO,11489.0,11336.0,11379.11,230886,153738.0,66.59
2026-06-30,ULTRACEMCO,11336.0,11253.0,11279.19,331714,187718.0,56.59
2026-07-01,ULTRACEMCO,11253.0,11456.0,11426.61,119013,52625.0,44.22
2026-07-02,ULTRACEMCO,11456.0,11536.0,11519.74,137631,72867.0,52.94
2026-07-03,ULTRACEMCO,11536.0,11723.0,11698.38,157877,71575.0,45.34
2026-07-06,ULTRACEMCO,11723.0,11661.0,11685.61,158010,105199.0,66.58
2026-07-07,ULTRACEMCO,11661.0,11649.0,11668.52,152287,85059.0,55.85
2026-07-08,ULTRACEMCO,11649.0,11353.0,11415.8,213785,127876.0,59.82
2026-07-09,ULTRACEMCO,11353.0,11524.0,11509.35,161622,90355.0,55.91
2026-07-10,ULTRACEMCO,11524.0,11711.0,11685.73,135130,72225.0,53.45
2026-07-13,ULTRACEMCO,11711.0,11571.0,11589.76,121301,73288.0,60.42
2026-07-14,ULTRACEMCO,11571.0,11496.0,11460.47,404659,276817.0,68.41
2026-07-15,ULTRACEMCO,11496.0,11812.0,11768.84,379635,202500.0,53.34
2026-07-16,ULTRACEMCO,11812.0,11771.0,11825.06,260149,159138.0,61.17
2026-07-17,ULTRACEMCO,11771.0,11727.0,11723.24,247044,138740.0,56.16
2026-07-20,ULTRACEMCO,11727.0,11903.0,11882.04,456048,208050.0,45.62
2026-07-21,ULTRACEMCO,11903.0,12094.0,12046.18,830840,445460.0,53.62
2026-07-22,ULTRACEMCO,12094.0,11893.0,11964.62,283753,168619.0,59.42
2026-07-23,ULTRACEMCO,11893.0,11908.0,11898.11,415137,247942.0,59.73
2026-07-24,ULTRACEMCO,11908.0,11846.0,11786.27,229015,119272.0,52.08
2026-07-27,ULTRACEMCO,11846.0,11881.0,11849.63,250956,135269.0,53.9
2026-07-28,ULTRACEMCO,11881.0,11956.0,11961.99,406573,248644.0,61.16
2026-07-29,ULTRACEMCO,11956.0,11998.0,12010.16,282068,188935.0,66.98
2026-07-30,ULTRACEMCO,11998.0,11847.0,11807.1,291418,173709.0,59.61
2026-07-31,ULTRACEMCO,11847.0,11903.0,11919.96,390471,230212.0,58.96
2026-08-03,ULTRACEMCO,11903.0,12054.0,12002.83,159579,82602.0,51.76
2026-08-03,UNIONBANK,171.24,174.0,174.29,8353185,3600747.0,43.11
2026-08-03,UNITDSPR,1515.9,1530.0,1521.98,410981,240696.0,58.57
2026-08-03,UNOMINDA,1180.5,1210.0,1207.61,818368,337443.0,41.23
2026-08-03,UPL,604.3,620.0,618.53,2234338,1067209.0,47.76
2026-08-03,URBANCO,129.39,146.19,147.31,92834272,16433084.0,17.7
2026-08-03,USHAMART,495.95,504.05,508.46,557146,297569.0,53.41
2026-08-03,UTIAMC,903.1,915.75,910.28,290426,207622.0,71.49
2026-08-03,UTLSOLAR,380.5,389.3,389.95,341058,174897.0,51.28
2026-08-03,V2RETAIL,219.33,218.64,219.2,976692,459911.0,47.09
2026-08-03,VAIBHAVGBL,266.36,265.7,268.09,388078,194496.0,50.12
2026-08-03,VARROC,679.2,686.9,694.23,365591,156065.0,42.69
2026-08-03,VBL,442.3,445.0,446.48,6028529,3644826.0,60.46
2026-08-03,VEDL,264.25,267.25,266.51,6725800,3271982.0,48.65
2026-08-03,VGUARD,314.5,314.7,314.96,1522820,793737.0,52.12
2026-08-03,VIJAYA,1344.4,1354.0,1355.73,110427,67714.0,61.32
2026-08-03,VIKRAMSOLR,177.65,177.8,179.55,1360118,684649.0,50.34
2026-08-03,VIPIND,298.95,310.4,308.83,431915,187633.0,43.44
2026-08-03,VIYASH,252.0,263.7,261.65,2970032,1491009.0,50.2
2026-08-03,VMART,779.1,777.95,776.4,104165,44908.0,43.11
2026-08-03,VMM,107.1,111.2,110.31,12521867,6146463.0,49.09
2026-08-03,VOLTAMP,9923.0,10021.0,10201.03,132224,63209.0,47.8
2026-08-03,VOLTAS,1328.9,1324.8,1331.11,259054,98045.0,37.85
2026-08-03,VTL,585.8,588.35,582.82,480679,187925.0,39.1
2026-08-03,WAAREEENER,2680.2,2676.0,2690.89,671684,278957.0,41.53
2026-08-03,WAAREERTL,913.2,919.65,919.98,105874,53339.0,50.38
2026-08-03,WABAG,1977.2,2012.0,1994.51,760477,371089.0,48.8
2026-08-03,WAKEFIT,125.14,130.05,129.13,1247319,372631.0,29.87
2026-08-03,WEBELSOLAR,96.69,97.58,98.1,1309761,711898.0,54.35
2026-08-03,WELCORP,1650.6,1715.3,1699.83,698272,394240.0,56.46
2026-08-03,WELENT,592.3,606.75,600.33,125389,70807.0,56.47
2026-08-03,WELSPUNLIV,155.94,154.63,156.44,1531380,936732.0,61.17
2026-08-03,WESTLIFE,507.1,531.2,523.75,168396,80635.0,47.88
2026-08-03,WEWORK,743.5,744.6,742.53,163517,74455.0,45.53
2026-08-03,WHIRLPOOL,802.9,824.45,820.98,291357,143521.0,49.26
2026-04-27,WIPRO,199.36,205.05,203.64,42632215,26353207.0,61.82
2026-04-28,WIPRO,205.05,201.58,203.65,23455983,14410363.0,61.44
2026-04-29,WIPRO,201.58,200.68,201.78,15667662,9361300.0,59.75
2026-04-30,WIPRO,200.68,200.65,201.08,15300274,7877507.0,51.49
2026-05-04,WIPRO,200.65,200.75,201.1,8446995,4156812.0,49.21
2026-05-05,WIPRO,200.75,199.78,200.24,8899200,4987705.0,56.05
2026-05-06,WIPRO,199.78,199.12,199.45,13166683,7586578.0,57.62
2026-05-07,WIPRO,199.12,197.36,198.02,19303572,12309006.0,63.77
2026-05-08,WIPRO,197.36,197.91,197.6,15970687,8214736.0,51.44
2026-05-11,WIPRO,197.91,196.68,197.29,9199527,5451625.0,59.26
2026-05-12,WIPRO,196.68,189.57,191.15,27435195,15948588.0,58.13
2026-05-13,WIPRO,189.57,187.8,188.47,17242394,8128752.0,47.14
2026-05-14,WIPRO,187.8,188.3,188.23,18280387,7856263.0,42.98
2026-05-15,WIPRO,188.3,190.0,190.34,17902610,9978577.0,55.74
2026-05-18,WIPRO,190.0,192.17,191.22,16327369,8062166.0,49.38
2026-05-19,WIPRO,192.17,195.17,196.04,20534622,9410748.0,45.83
2026-05-20,WIPRO,195.17,197.12,196.45,16201692,9337265.0,57.63
2026-05-21,WIPRO,197.12,199.74,199.12,18980608,10270679.0,54.11
2026-05-22,WIPRO,199.74,203.11,203.31,40014399,20068729.0,50.15
2026-05-25,WIPRO,203.11,206.84,207.37,72041558,40644613.0,56.42
2026-05-26,WIPRO,206.84,203.73,206.01,46458415,27177631.0,58.5
2026-05-27,WIPRO,203.73,201.58,202.23,39465643,18091732.0,45.84
2026-05-29,WIPRO,201.58,204.25,205.97,82734524,36942870.0,44.65
2026-06-01,WIPRO,204.25,206.41,206.59,26491139,13618866.0,51.41
2026-06-02,WIPRO,206.41,209.84,208.57,42476874,21603126.0,50.86
2026-06-03,WIPRO,209.84,204.1,204.92,62282204,29708601.0,47.7
2026-06-04,WIPRO,204.1,204.32,204.0,40659957,25320588.0,62.27
2026-06-05,WIPRO,204.32,198.37,195.67,43539069,9820147.0,22.55
2026-06-08,WIPRO,198.37,181.76,185.81,75164049,28628571.0,38.09
2026-06-09,WIPRO,181.76,181.67,182.12,28381665,9768828.0,34.42
2026-06-10,WIPRO,181.67,178.93,180.44,16935979,7380598.0,43.58
2026-06-11,WIPRO,178.93,177.37,177.14,14468882,4636736.0,32.05
2026-06-12,WIPRO,177.37,180.14,178.84,13850153,5334954.0,38.52
2026-06-15,WIPRO,180.14,181.38,181.69,13870660,6279610.0,45.27
2026-06-16,WIPRO,181.38,182.67,182.57,11706020,4362551.0,37.27
2026-06-17,WIPRO,182.67,184.47,184.55,16131548,7687130.0,47.65
2026-06-18,WIPRO,184.47,182.84,182.82,18165845,8826495.0,48.59
2026-06-19,WIPRO,182.84,180.8,178.06,37469436,15445236.0,41.22
2026-06-22,WIPRO,180.8,180.18,180.84,10368112,5022720.0,48.44
2026-06-23,WIPRO,180.18,174.49,176.13,23954730,12459589.0,52.01
2026-06-24,WIPRO,174.49,174.48,173.75,56627728,29353950.0,51.84
2026-06-25,WIPRO,174.48,175.0,174.66,21544904,9446400.0,43.85
2026-06-29,WIPRO,175.0,175.48,175.48,24484011,15754931.0,64.35
2026-06-30,WIPRO,175.48,170.39,171.38,26845383,13108126.0,48.83
2026-07-01,WIPRO,170.39,170.13,170.67,34638511,20774169.0,59.97
2026-07-02,WIPRO,170.13,174.0,173.44,43447174,17510300.0,40.3
2026-07-03,WIPRO,174.0,176.08,176.76,29538753,13089889.0,44.31
2026-07-06,WIPRO,176.08,174.32,174.36,8304046,3402792.0,40.98
2026-07-07,WIPRO,174.32,173.0,174.13,18837725,10430149.0,55.37
2026-07-08,WIPRO,173.0,172.72,174.03,16482564,7491386.0,45.45
2026-07-09,WIPRO,172.72,172.76,173.19,10270117,5186079.0,50.5
2026-07-10,WIPRO,172.76,175.46,175.87,16249590,7835208.0,48.22
2026-07-13,WIPRO,175.46,178.43,178.09,22417855,9416835.0,42.01
2026-07-14,WIPRO,178.43,177.14,178.17,14461463,6713764.0,46.43
2026-07-15,WIPRO,177.14,174.65,175.44,10398720,4581884.0,44.06
2026-07-16,WIPRO,174.65,177.74,177.41,11184572,4272725.0,38.2
2026-07-17,WIPRO,177.74,176.0,175.21,22960032,8249290.0,35.93
2026-07-20,WIPRO,176.0,176.38,176.4,10183661,5733523.0,56.3
2026-07-21,WIPRO,176.38,174.97,175.29,11350578,6691592.0,58.95
2026-07-22,WIPRO,174.97,174.44,174.27,5057035,2272763.0,44.94
2026-07-23,WIPRO,174.44,174.82,174.56,9055905,4577497.0,50.55
2026-07-24,WIPRO,174.82,177.12,176.09,13282944,5554372.0,41.82
2026-07-27,WIPRO,177.12,178.53,177.36,12504426,4884575.0,39.06
2026-07-28,WIPRO,178.53,181.12,180.78,26873060,14021785.0,52.18
2026-07-29,WIPRO,181.12,183.61,184.13,26147867,13919409.0,53.23
2026-07-30,WIPRO,183.61,186.33,188.15,54015268,25403012.0,47.03
2026-07-31,WIPRO,186.33,183.65,183.45,18762810,7244953.0,38.61
2026-08-03,WIPRO,183.65,188.66,186.59,15840516,8220904.0,51.9
2026-08-03,WOCKPHARMA,1959.7,2028.4,1998.61,1182004,582260.0,49.26
2026-08-03,YATHARTH,818.45,833.95,836.99,199791,103051.0,51.58
2026-08-03,YESBANK,22.77,23.0,22.87,35072952,14992162.0,42.75
2026-08-03,ZAGGLE,204.6,205.85,205.79,537714,286036.0,53.19
2026-08-03,ZEEL,114.55,98.14,101.45,107649848,34381093.0,31.94
2026-08-03,ZENSARTECH,507.95,518.0,512.36,2261287,721347.0,31.9
2026-08-03,ZENTEC,1624.2,1656.4,1655.32,298507,122678.0,41.1
2026-08-03,ZFCVINDIA,2417.9,2447.8,2439.11,105608,64777.0,61.34
2026-08-03,ZYDUSLIFE,1126.8,1121.0,1119.09,1420266,387081.0,27.25
2026-08-03,ZYDUSWELL,577.55,559.85,567.31,540492,227037.0,42.01
